Age,Attrition,DailyRate,Department,DistanceFromHome,EnvironmentSatisfaction,HourlyRate,JobInvolvement,JobLevel,JobRole,JobSatisfaction,MonthlyIncome,MonthlyRate,NumCompaniesWorked,OverTime,PercentSalaryHike,PerformanceRating,RelationshipSatisfaction,TotalWorkingYears,WorkLifeBalance,YearsAtCompany,YearsInCurrentRole,YearsSinceLastPromotion
41,Yes,1102.0,Sales,1.0,2.0,94.0,3.0,2.0,Sales Executive,4.0,5993.0,19479.0,8.0,Yes,11.0,3.0,1.0,8.0,1.0,6.0,4.0,0.0
49,No,279.0,Research & Development,8.0,3.0,61.0,2.0,2.0,Research Scientist,2.0,5130.0,24907.0,1.0,No,23.0,4.0,4.0,10.0,3.0,10.0,7.0,1.0
37,Yes,1373.0,Research & Development,2.0,4.0,92.0,2.0,1.0,Laboratory Technician,3.0,2090.0,2396.0,6.0,Yes,15.0,3.0,2.0,7.0,3.0,0.0,0.0,0.0
33,No,1392.0,Research & Development,3.0,4.0,56.0,3.0,1.0,Research Scientist,3.0,2909.0,23159.0,1.0,Yes,11.0,3.0,3.0,8.0,3.0,8.0,7.0,3.0
27,No,591.0,Research & Development,2.0,1.0,40.0,3.0,1.0,Laboratory Technician,2.0,3468.0,16632.0,9.0,No,12.0,3.0,4.0,6.0,3.0,2.0,2.0,2.0
32,No,1005.0,Research & Development,2.0,4.0,79.0,3.0,1.0,Laboratory Technician,4.0,3068.0,11864.0,0.0,No,13.0,3.0,3.0,8.0,2.0,7.0,7.0,3.0
59,No,1324.0,Research & Development,3.0,3.0,81.0,4.0,1.0,Laboratory Technician,1.0,2670.0,9964.0,4.0,Yes,20.0,4.0,1.0,12.0,2.0,1.0,0.0,0.0
30,No,1358.0,Research & Development,24.0,4.0,67.0,3.0,1.0,Laboratory Technician,3.0,2693.0,13335.0,1.0,No,22.0,4.0,2.0,1.0,3.0,1.0,0.0,0.0
38,No,216.0,Research & Development,23.0,4.0,44.0,2.0,3.0,Manufacturing Director,3.0,9526.0,8787.0,0.0,No,21.0,4.0,2.0,10.0,3.0,9.0,7.0,1.0
36,No,1299.0,Research & Development,27.0,3.0,94.0,3.0,2.0,Healthcare Representative,3.0,5237.0,16577.0,6.0,No,13.0,3.0,2.0,17.0,2.0,7.0,7.0,7.0
35,No,809.0,Research & Development,16.0,1.0,84.0,4.0,1.0,Laboratory Technician,2.0,2426.0,16479.0,0.0,No,13.0,3.0,3.0,6.0,3.0,5.0,4.0,0.0
29,No,153.0,Research & Development,15.0,4.0,49.0,2.0,2.0,Laboratory Technician,3.0,4193.0,12682.0,0.0,Yes,12.0,3.0,4.0,10.0,3.0,9.0,5.0,0.0
31,No,670.0,Research & Development,26.0,1.0,31.0,3.0,1.0,Research Scientist,3.0,2911.0,15170.0,1.0,No,17.0,3.0,4.0,5.0,2.0,5.0,2.0,4.0
34,No,1346.0,Research & Development,19.0,2.0,93.0,3.0,1.0,Laboratory Technician,4.0,2661.0,8758.0,0.0,No,11.0,3.0,3.0,3.0,3.0,2.0,2.0,1.0
28,Yes,103.0,Research & Development,24.0,3.0,50.0,2.0,1.0,Laboratory Technician,3.0,2028.0,12947.0,5.0,Yes,14.0,3.0,2.0,6.0,3.0,4.0,2.0,0.0
29,No,1389.0,Research & Development,21.0,2.0,51.0,4.0,3.0,Manufacturing Director,1.0,9980.0,10195.0,1.0,No,11.0,3.0,3.0,10.0,3.0,10.0,9.0,8.0
32,No,334.0,Research & Development,5.0,1.0,80.0,4.0,1.0,Research Scientist,2.0,3298.0,15053.0,0.0,Yes,12.0,3.0,4.0,7.0,2.0,6.0,2.0,0.0
22,No,1123.0,Research & Development,16.0,4.0,96.0,4.0,1.0,Laboratory Technician,4.0,2935.0,7324.0,1.0,Yes,13.0,3.0,2.0,1.0,2.0,1.0,0.0,0.0
53,No,1219.0,Sales,2.0,1.0,78.0,2.0,4.0,Manager,4.0,15427.0,22021.0,2.0,No,16.0,3.0,3.0,31.0,3.0,25.0,8.0,3.0
38,No,371.0,Research & Development,2.0,4.0,45.0,3.0,1.0,Research Scientist,4.0,3944.0,4306.0,5.0,Yes,11.0,3.0,3.0,6.0,3.0,3.0,2.0,1.0
24,No,673.0,Research & Development,11.0,1.0,96.0,4.0,2.0,Manufacturing Director,3.0,4011.0,8232.0,0.0,No,18.0,3.0,4.0,5.0,2.0,4.0,2.0,1.0
36,Yes,1218.0,Sales,9.0,3.0,82.0,2.0,1.0,Sales Representative,1.0,3407.0,6986.0,7.0,No,23.0,4.0,2.0,10.0,3.0,5.0,3.0,0.0
34,No,419.0,Research & Development,7.0,1.0,53.0,3.0,3.0,Research Director,2.0,11994.0,21293.0,0.0,No,11.0,3.0,3.0,13.0,3.0,12.0,6.0,2.0
21,No,391.0,Research & Development,15.0,3.0,96.0,3.0,1.0,Research Scientist,4.0,1232.0,19281.0,1.0,No,14.0,3.0,4.0,0.0,3.0,0.0,0.0,0.0
34,Yes,699.0,Research & Development,6.0,2.0,83.0,3.0,1.0,Research Scientist,1.0,2960.0,17102.0,2.0,No,11.0,3.0,3.0,8.0,3.0,4.0,2.0,1.0
53,No,1282.0,Research & Development,5.0,3.0,58.0,3.0,5.0,Manager,3.0,19094.0,10735.0,4.0,No,11.0,3.0,4.0,26.0,2.0,14.0,13.0,4.0
32,Yes,1125.0,Research & Development,16.0,2.0,72.0,1.0,1.0,Research Scientist,1.0,3919.0,4681.0,1.0,Yes,22.0,4.0,2.0,10.0,3.0,10.0,2.0,6.0
42,No,691.0,Sales,8.0,3.0,48.0,3.0,2.0,Sales Executive,2.0,6825.0,21173.0,0.0,No,11.0,3.0,4.0,10.0,3.0,9.0,7.0,4.0
44,No,477.0,Research & Development,7.0,1.0,42.0,2.0,3.0,Healthcare Representative,4.0,10248.0,2094.0,3.0,No,14.0,3.0,4.0,24.0,3.0,22.0,6.0,5.0
46,No,705.0,Sales,2.0,2.0,83.0,3.0,5.0,Manager,1.0,18947.0,22822.0,3.0,No,12.0,3.0,4.0,22.0,2.0,2.0,2.0,2.0
33,No,924.0,Research & Development,2.0,3.0,78.0,3.0,1.0,Laboratory Technician,4.0,2496.0,6670.0,4.0,No,11.0,3.0,4.0,7.0,3.0,1.0,1.0,0.0
44,No,1459.0,Research & Development,10.0,4.0,41.0,3.0,2.0,Healthcare Representative,4.0,6465.0,19121.0,2.0,Yes,13.0,3.0,4.0,9.0,4.0,4.0,2.0,1.0
30,No,125.0,Research & Development,9.0,4.0,83.0,2.0,1.0,Laboratory Technician,3.0,2206.0,16117.0,1.0,No,13.0,3.0,1.0,10.0,3.0,10.0,0.0,1.0
39,Yes,895.0,Sales,5.0,4.0,56.0,3.0,2.0,Sales Representative,4.0,2086.0,3335.0,3.0,No,14.0,3.0,3.0,19.0,4.0,1.0,0.0,0.0
24,Yes,813.0,Research & Development,1.0,2.0,61.0,3.0,1.0,Research Scientist,4.0,2293.0,3020.0,2.0,Yes,16.0,3.0,1.0,6.0,2.0,2.0,0.0,2.0
43,No,1273.0,Research & Development,2.0,4.0,72.0,4.0,1.0,Research Scientist,3.0,2645.0,21923.0,1.0,No,12.0,3.0,4.0,6.0,2.0,5.0,3.0,1.0
50,Yes,869.0,Sales,3.0,1.0,86.0,2.0,1.0,Sales Representative,3.0,2683.0,3810.0,1.0,Yes,14.0,3.0,3.0,3.0,3.0,3.0,2.0,0.0
35,No,890.0,Sales,2.0,4.0,97.0,3.0,1.0,Sales Representative,4.0,2014.0,9687.0,1.0,No,13.0,3.0,1.0,2.0,3.0,2.0,2.0,2.0
36,No,852.0,Research & Development,5.0,2.0,82.0,2.0,1.0,Research Scientist,1.0,3419.0,13072.0,9.0,Yes,14.0,3.0,4.0,6.0,4.0,1.0,1.0,0.0
33,No,1141.0,Sales,1.0,3.0,42.0,4.0,2.0,Sales Executive,1.0,5376.0,3193.0,2.0,No,19.0,3.0,1.0,10.0,3.0,5.0,3.0,1.0
35,No,464.0,Research & Development,4.0,3.0,75.0,3.0,1.0,Laboratory Technician,4.0,1951.0,10910.0,1.0,No,12.0,3.0,3.0,1.0,3.0,1.0,0.0,0.0
27,No,1240.0,Research & Development,2.0,4.0,33.0,3.0,1.0,Laboratory Technician,1.0,2341.0,19715.0,1.0,No,13.0,3.0,4.0,1.0,3.0,1.0,0.0,0.0
26,Yes,1357.0,Research & Development,25.0,1.0,48.0,1.0,1.0,Laboratory Technician,3.0,2293.0,10558.0,1.0,No,12.0,3.0,3.0,1.0,2.0,1.0,0.0,0.0
27,No,994.0,Sales,8.0,4.0,37.0,3.0,3.0,Sales Executive,3.0,8726.0,2975.0,1.0,No,15.0,3.0,4.0,9.0,3.0,9.0,8.0,1.0
30,No,721.0,Research & Development,1.0,3.0,58.0,3.0,2.0,Laboratory Technician,4.0,4011.0,10781.0,1.0,No,23.0,4.0,4.0,12.0,3.0,12.0,8.0,3.0
41,Yes,1360.0,Research & Development,12.0,2.0,49.0,3.0,5.0,Research Director,3.0,19545.0,16280.0,1.0,No,12.0,3.0,4.0,23.0,3.0,22.0,15.0,15.0
34,No,1065.0,Sales,23.0,2.0,72.0,3.0,2.0,Sales Executive,3.0,4568.0,10034.0,0.0,No,20.0,4.0,3.0,10.0,3.0,9.0,5.0,8.0
37,No,408.0,Research & Development,19.0,2.0,73.0,3.0,1.0,Research Scientist,2.0,3022.0,10227.0,4.0,No,21.0,4.0,1.0,8.0,3.0,1.0,0.0,0.0
46,No,1211.0,Sales,5.0,1.0,98.0,3.0,2.0,Sales Executive,4.0,5772.0,20445.0,4.0,Yes,21.0,4.0,3.0,14.0,3.0,9.0,6.0,0.0
35,No,1229.0,Research & Development,8.0,4.0,36.0,4.0,1.0,Laboratory Technician,4.0,2269.0,4892.0,1.0,No,19.0,3.0,4.0,1.0,3.0,1.0,0.0,0.0
48,Yes,626.0,Research & Development,1.0,1.0,98.0,2.0,3.0,Laboratory Technician,3.0,5381.0,19294.0,9.0,Yes,13.0,3.0,4.0,23.0,3.0,1.0,0.0,0.0
28,Yes,1434.0,Research & Development,5.0,3.0,50.0,3.0,1.0,Laboratory Technician,3.0,3441.0,11179.0,1.0,Yes,13.0,3.0,3.0,2.0,2.0,2.0,2.0,2.0
44,No,1488.0,Sales,1.0,2.0,75.0,3.0,2.0,Sales Executive,1.0,5454.0,4009.0,5.0,Yes,21.0,4.0,3.0,9.0,2.0,4.0,3.0,1.0
35,No,1097.0,Research & Development,11.0,3.0,79.0,2.0,3.0,Healthcare Representative,1.0,9884.0,8302.0,2.0,Yes,13.0,3.0,3.0,10.0,3.0,4.0,0.0,2.0
26,No,1443.0,Sales,23.0,3.0,47.0,2.0,2.0,Sales Executive,4.0,4157.0,21436.0,7.0,Yes,19.0,3.0,3.0,5.0,2.0,2.0,2.0,0.0
33,No,515.0,Research & Development,1.0,1.0,98.0,3.0,3.0,Research Director,4.0,13458.0,15146.0,1.0,Yes,12.0,3.0,3.0,15.0,3.0,15.0,14.0,8.0
35,No,853.0,Sales,18.0,2.0,71.0,3.0,3.0,Sales Executive,1.0,9069.0,11031.0,1.0,No,22.0,4.0,4.0,9.0,2.0,9.0,8.0,1.0
35,No,1142.0,Research & Development,23.0,3.0,30.0,3.0,1.0,Laboratory Technician,1.0,4014.0,16002.0,3.0,Yes,15.0,3.0,3.0,4.0,3.0,2.0,2.0,2.0
31,No,655.0,Research & Development,7.0,4.0,48.0,3.0,2.0,Laboratory Technician,4.0,5915.0,9528.0,3.0,No,22.0,4.0,4.0,10.0,2.0,7.0,7.0,1.0
37,No,1115.0,Research & Development,1.0,1.0,51.0,2.0,2.0,Manufacturing Director,3.0,5993.0,2689.0,1.0,No,18.0,3.0,3.0,7.0,4.0,7.0,5.0,0.0
32,No,427.0,Research & Development,1.0,1.0,33.0,3.0,2.0,Manufacturing Director,4.0,6162.0,10877.0,1.0,Yes,22.0,4.0,2.0,9.0,3.0,9.0,8.0,7.0
38,No,653.0,Research & Development,29.0,4.0,50.0,3.0,2.0,Laboratory Technician,4.0,2406.0,5456.0,1.0,No,11.0,3.0,4.0,10.0,3.0,10.0,3.0,9.0
50,No,989.0,Research & Development,7.0,2.0,43.0,2.0,5.0,Research Director,3.0,18740.0,16701.0,5.0,Yes,12.0,3.0,4.0,29.0,2.0,27.0,3.0,13.0
59,No,1435.0,Sales,25.0,1.0,99.0,3.0,3.0,Sales Executive,1.0,7637.0,2354.0,7.0,No,11.0,3.0,4.0,28.0,2.0,21.0,16.0,7.0
36,No,1223.0,Research & Development,8.0,3.0,59.0,3.0,3.0,Healthcare Representative,3.0,10096.0,8202.0,1.0,No,13.0,3.0,2.0,17.0,3.0,17.0,14.0,12.0
55,No,836.0,Research & Development,8.0,4.0,33.0,3.0,4.0,Manager,3.0,14756.0,19730.0,2.0,Yes,14.0,3.0,3.0,21.0,3.0,5.0,0.0,0.0
36,No,1195.0,Research & Development,11.0,2.0,95.0,2.0,2.0,Manufacturing Director,2.0,6499.0,22656.0,1.0,No,13.0,3.0,3.0,6.0,3.0,6.0,5.0,0.0
45,No,1339.0,Research & Development,7.0,2.0,59.0,3.0,3.0,Research Scientist,1.0,9724.0,18787.0,2.0,No,17.0,3.0,3.0,25.0,3.0,1.0,0.0,0.0
35,No,664.0,Research & Development,1.0,2.0,79.0,3.0,1.0,Research Scientist,1.0,2194.0,5868.0,4.0,No,13.0,3.0,4.0,5.0,2.0,3.0,2.0,1.0
36,Yes,318.0,Research & Development,9.0,4.0,79.0,2.0,1.0,Research Scientist,3.0,3388.0,21777.0,0.0,Yes,17.0,3.0,1.0,2.0,2.0,1.0,0.0,0.0
59,No,1225.0,Sales,1.0,1.0,57.0,2.0,2.0,Sales Executive,3.0,5473.0,24668.0,7.0,No,11.0,3.0,4.0,20.0,2.0,4.0,3.0,1.0
29,No,1328.0,Research & Development,2.0,3.0,76.0,3.0,1.0,Research Scientist,2.0,2703.0,4956.0,0.0,No,23.0,4.0,4.0,6.0,3.0,5.0,4.0,0.0
31,No,1082.0,Research & Development,1.0,3.0,87.0,3.0,1.0,Research Scientist,2.0,2501.0,18775.0,1.0,No,17.0,3.0,2.0,1.0,3.0,1.0,1.0,1.0
32,No,548.0,Research & Development,1.0,2.0,66.0,3.0,2.0,Research Scientist,2.0,6220.0,7346.0,1.0,No,17.0,3.0,2.0,10.0,3.0,10.0,4.0,0.0
36,No,132.0,Research & Development,6.0,2.0,55.0,4.0,1.0,Laboratory Technician,4.0,3038.0,22002.0,3.0,No,12.0,3.0,2.0,5.0,3.0,1.0,0.0,0.0
31,No,746.0,Research & Development,8.0,3.0,61.0,3.0,2.0,Manufacturing Director,4.0,4424.0,20682.0,1.0,No,23.0,4.0,4.0,11.0,3.0,11.0,7.0,1.0
35,No,776.0,Sales,1.0,3.0,32.0,2.0,2.0,Sales Executive,1.0,4312.0,23016.0,0.0,No,14.0,3.0,2.0,16.0,3.0,15.0,13.0,2.0
45,No,193.0,Research & Development,6.0,4.0,52.0,3.0,3.0,Research Director,1.0,13245.0,15067.0,4.0,Yes,14.0,3.0,2.0,17.0,4.0,0.0,0.0,0.0
37,No,397.0,Research & Development,7.0,1.0,30.0,3.0,3.0,Research Director,3.0,13664.0,25258.0,4.0,No,13.0,3.0,1.0,16.0,4.0,5.0,2.0,0.0
46,No,945.0,Human Resources,5.0,2.0,80.0,3.0,2.0,Human Resources,2.0,5021.0,10425.0,8.0,Yes,22.0,4.0,4.0,16.0,3.0,4.0,2.0,0.0
30,No,852.0,Research & Development,1.0,4.0,55.0,2.0,2.0,Laboratory Technician,4.0,5126.0,15998.0,1.0,Yes,12.0,3.0,3.0,10.0,2.0,10.0,8.0,3.0
35,No,1214.0,Research & Development,1.0,2.0,30.0,2.0,1.0,Research Scientist,3.0,2859.0,26278.0,1.0,No,18.0,3.0,1.0,6.0,3.0,6.0,4.0,0.0
55,No,111.0,Sales,1.0,1.0,70.0,3.0,3.0,Sales Executive,4.0,10239.0,18092.0,3.0,No,14.0,3.0,4.0,24.0,3.0,1.0,0.0,1.0
38,No,573.0,Research & Development,6.0,2.0,79.0,1.0,2.0,Research Scientist,4.0,5329.0,15717.0,7.0,Yes,12.0,3.0,4.0,17.0,3.0,13.0,11.0,1.0
34,No,1153.0,Research & Development,1.0,1.0,94.0,3.0,2.0,Manufacturing Director,2.0,4325.0,17736.0,1.0,No,15.0,3.0,3.0,5.0,3.0,5.0,2.0,1.0
56,No,1400.0,Research & Development,7.0,4.0,49.0,1.0,3.0,Manufacturing Director,4.0,7260.0,21698.0,4.0,No,11.0,3.0,1.0,37.0,2.0,6.0,4.0,0.0
23,No,541.0,Sales,2.0,3.0,62.0,3.0,1.0,Sales Representative,1.0,2322.0,9518.0,3.0,No,13.0,3.0,3.0,3.0,3.0,0.0,0.0,0.0
51,No,432.0,Research & Development,9.0,4.0,96.0,3.0,1.0,Laboratory Technician,4.0,2075.0,18725.0,3.0,No,23.0,4.0,2.0,10.0,3.0,4.0,2.0,0.0
30,No,288.0,Research & Development,2.0,3.0,99.0,2.0,2.0,Healthcare Representative,4.0,4152.0,15830.0,1.0,No,19.0,3.0,1.0,11.0,3.0,11.0,10.0,10.0
46,Yes,669.0,Sales,9.0,3.0,64.0,2.0,3.0,Sales Executive,4.0,9619.0,13596.0,1.0,No,16.0,3.0,4.0,9.0,3.0,9.0,8.0,4.0
40,No,530.0,Research & Development,1.0,3.0,78.0,2.0,4.0,Healthcare Representative,2.0,13503.0,14115.0,1.0,No,22.0,4.0,4.0,22.0,2.0,22.0,3.0,11.0
51,No,632.0,Sales,21.0,3.0,71.0,3.0,2.0,Sales Executive,4.0,5441.0,8423.0,0.0,Yes,22.0,4.0,4.0,11.0,1.0,10.0,7.0,1.0
30,No,1334.0,Sales,4.0,3.0,63.0,2.0,2.0,Sales Executive,2.0,5209.0,19760.0,1.0,Yes,12.0,3.0,2.0,11.0,2.0,11.0,8.0,2.0
46,No,638.0,Research & Development,1.0,3.0,40.0,2.0,3.0,Healthcare Representative,1.0,10673.0,3142.0,2.0,Yes,13.0,3.0,3.0,21.0,2.0,10.0,9.0,9.0
32,No,1093.0,Sales,6.0,2.0,87.0,3.0,2.0,Sales Executive,3.0,5010.0,24301.0,1.0,No,16.0,3.0,1.0,12.0,3.0,11.0,8.0,5.0
54,No,1217.0,Research & Development,2.0,1.0,60.0,3.0,3.0,Research Director,3.0,13549.0,24001.0,9.0,No,12.0,3.0,1.0,16.0,1.0,4.0,3.0,0.0
24,No,1353.0,Sales,3.0,1.0,33.0,3.0,2.0,Sales Executive,3.0,4999.0,17519.0,0.0,No,21.0,4.0,1.0,4.0,2.0,3.0,2.0,0.0
28,No,120.0,Sales,4.0,2.0,43.0,3.0,2.0,Sales Executive,3.0,4221.0,8863.0,1.0,No,15.0,3.0,2.0,5.0,4.0,5.0,4.0,0.0
58,No,682.0,Sales,10.0,4.0,37.0,3.0,4.0,Sales Executive,3.0,13872.0,24409.0,0.0,No,13.0,3.0,3.0,38.0,2.0,37.0,10.0,1.0
44,No,489.0,Research & Development,23.0,2.0,67.0,3.0,2.0,Laboratory Technician,2.0,2042.0,25043.0,4.0,No,12.0,3.0,3.0,17.0,4.0,3.0,2.0,1.0
37,Yes,807.0,Human Resources,6.0,3.0,63.0,3.0,1.0,Human Resources,1.0,2073.0,23648.0,4.0,Yes,22.0,4.0,4.0,7.0,3.0,3.0,2.0,0.0
32,No,827.0,Research & Development,1.0,4.0,71.0,3.0,1.0,Research Scientist,1.0,2956.0,15178.0,1.0,No,13.0,3.0,4.0,1.0,3.0,1.0,0.0,0.0
20,Yes,871.0,Research & Development,6.0,4.0,66.0,2.0,1.0,Laboratory Technician,4.0,2926.0,19783.0,1.0,Yes,18.0,3.0,2.0,1.0,3.0,1.0,0.0,1.0
34,No,665.0,Research & Development,6.0,1.0,41.0,3.0,2.0,Research Scientist,3.0,4809.0,12482.0,1.0,No,14.0,3.0,3.0,16.0,3.0,16.0,13.0,2.0
37,No,1040.0,Research & Development,2.0,3.0,100.0,2.0,2.0,Healthcare Representative,4.0,5163.0,15850.0,5.0,No,14.0,3.0,4.0,17.0,4.0,1.0,0.0,0.0
59,No,1420.0,Human Resources,2.0,3.0,32.0,2.0,5.0,Manager,4.0,18844.0,21922.0,9.0,No,21.0,4.0,4.0,30.0,3.0,3.0,2.0,2.0
50,No,1115.0,Research & Development,1.0,1.0,73.0,3.0,5.0,Research Director,2.0,18172.0,9755.0,3.0,Yes,19.0,3.0,1.0,28.0,2.0,8.0,3.0,0.0
25,Yes,240.0,Sales,5.0,3.0,46.0,2.0,2.0,Sales Executive,3.0,5744.0,26959.0,1.0,Yes,11.0,3.0,4.0,6.0,3.0,6.0,4.0,0.0
25,No,1280.0,Research & Development,7.0,4.0,64.0,2.0,1.0,Research Scientist,4.0,2889.0,26897.0,1.0,No,11.0,3.0,3.0,2.0,3.0,2.0,2.0,2.0
22,No,534.0,Research & Development,15.0,2.0,59.0,3.0,1.0,Laboratory Technician,4.0,2871.0,23785.0,1.0,No,15.0,3.0,3.0,1.0,3.0,0.0,0.0,0.0
51,No,1456.0,Research & Development,1.0,1.0,30.0,2.0,3.0,Healthcare Representative,1.0,7484.0,25796.0,3.0,No,20.0,4.0,3.0,23.0,2.0,13.0,12.0,12.0
34,Yes,658.0,Research & Development,7.0,1.0,66.0,1.0,2.0,Laboratory Technician,3.0,6074.0,22887.0,1.0,Yes,24.0,4.0,4.0,9.0,3.0,9.0,7.0,0.0
54,No,142.0,Human Resources,26.0,4.0,30.0,4.0,4.0,Manager,4.0,17328.0,13871.0,2.0,Yes,12.0,3.0,3.0,23.0,3.0,5.0,3.0,4.0
24,No,1127.0,Research & Development,18.0,2.0,52.0,3.0,1.0,Laboratory Technician,3.0,2774.0,13257.0,0.0,No,12.0,3.0,3.0,6.0,3.0,5.0,3.0,1.0
34,No,1031.0,Research & Development,6.0,3.0,45.0,2.0,2.0,Research Scientist,2.0,4505.0,15000.0,6.0,No,15.0,3.0,3.0,12.0,3.0,1.0,0.0,0.0
37,No,1189.0,Sales,3.0,3.0,87.0,3.0,3.0,Sales Executive,4.0,7428.0,14506.0,2.0,No,12.0,3.0,1.0,12.0,3.0,5.0,3.0,1.0
34,No,1354.0,Research & Development,5.0,3.0,45.0,2.0,3.0,Manager,1.0,11631.0,5615.0,2.0,No,12.0,3.0,4.0,14.0,3.0,11.0,10.0,5.0
36,No,1467.0,Sales,11.0,2.0,92.0,3.0,3.0,Sales Executive,4.0,9738.0,22952.0,0.0,No,14.0,3.0,3.0,10.0,3.0,9.0,7.0,2.0
36,No,922.0,Research & Development,3.0,1.0,39.0,3.0,1.0,Laboratory Technician,4.0,2835.0,2561.0,5.0,No,22.0,4.0,1.0,7.0,3.0,1.0,0.0,0.0
43,No,394.0,Sales,26.0,3.0,92.0,3.0,4.0,Manager,4.0,16959.0,19494.0,1.0,Yes,12.0,3.0,4.0,25.0,4.0,25.0,12.0,4.0
30,No,1312.0,Research & Development,23.0,1.0,96.0,1.0,1.0,Research Scientist,3.0,2613.0,22310.0,1.0,No,25.0,4.0,3.0,10.0,2.0,10.0,7.0,0.0
33,No,750.0,Sales,22.0,3.0,95.0,3.0,2.0,Sales Executive,2.0,6146.0,15480.0,0.0,No,13.0,3.0,1.0,8.0,4.0,7.0,7.0,0.0
56,Yes,441.0,Research & Development,14.0,2.0,72.0,3.0,1.0,Research Scientist,2.0,4963.0,4510.0,9.0,Yes,18.0,3.0,1.0,7.0,3.0,5.0,4.0,4.0
51,No,684.0,Research & Development,6.0,1.0,51.0,3.0,5.0,Research Director,3.0,19537.0,6462.0,7.0,No,13.0,3.0,3.0,23.0,3.0,20.0,18.0,15.0
31,Yes,249.0,Sales,6.0,2.0,76.0,1.0,2.0,Sales Executive,3.0,6172.0,20739.0,4.0,Yes,18.0,3.0,2.0,12.0,2.0,7.0,7.0,7.0
26,No,841.0,Research & Development,6.0,3.0,46.0,2.0,1.0,Research Scientist,2.0,2368.0,23300.0,1.0,No,19.0,3.0,3.0,5.0,2.0,5.0,4.0,4.0
58,Yes,147.0,Research & Development,23.0,4.0,94.0,3.0,3.0,Healthcare Representative,4.0,10312.0,3465.0,1.0,No,12.0,3.0,4.0,40.0,2.0,40.0,10.0,15.0
19,Yes,528.0,Sales,22.0,4.0,50.0,3.0,1.0,Sales Representative,3.0,1675.0,26820.0,1.0,Yes,19.0,3.0,4.0,0.0,2.0,0.0,0.0,0.0
22,No,594.0,Research & Development,2.0,3.0,100.0,3.0,1.0,Laboratory Technician,4.0,2523.0,19299.0,0.0,No,14.0,3.0,3.0,3.0,3.0,2.0,1.0,2.0
49,No,470.0,Research & Development,20.0,3.0,96.0,3.0,2.0,Manufacturing Director,1.0,6567.0,5549.0,1.0,No,14.0,3.0,3.0,16.0,2.0,15.0,11.0,5.0
43,No,957.0,Research & Development,28.0,2.0,72.0,4.0,1.0,Research Scientist,3.0,4739.0,16090.0,4.0,No,12.0,3.0,4.0,18.0,3.0,3.0,2.0,1.0
50,No,809.0,Sales,12.0,3.0,77.0,3.0,3.0,Sales Executive,4.0,9208.0,6645.0,4.0,No,11.0,3.0,4.0,16.0,3.0,2.0,2.0,2.0
31,Yes,542.0,Sales,20.0,2.0,71.0,1.0,2.0,Sales Executive,3.0,4559.0,24788.0,3.0,Yes,11.0,3.0,3.0,4.0,3.0,2.0,2.0,2.0
41,No,802.0,Sales,9.0,3.0,96.0,3.0,3.0,Sales Executive,3.0,8189.0,21196.0,3.0,Yes,13.0,3.0,3.0,12.0,3.0,9.0,7.0,0.0
26,No,1355.0,Human Resources,25.0,3.0,61.0,3.0,1.0,Human Resources,3.0,2942.0,8916.0,1.0,No,23.0,4.0,4.0,8.0,3.0,8.0,7.0,5.0
36,No,216.0,Research & Development,6.0,2.0,84.0,3.0,2.0,Manufacturing Director,2.0,4941.0,2819.0,6.0,No,20.0,4.0,4.0,7.0,3.0,3.0,2.0,0.0
51,Yes,1150.0,Research & Development,8.0,1.0,53.0,1.0,3.0,Manufacturing Director,4.0,10650.0,25150.0,2.0,No,15.0,3.0,4.0,18.0,3.0,4.0,2.0,0.0
39,No,1329.0,Sales,4.0,4.0,47.0,2.0,2.0,Sales Executive,3.0,5902.0,14590.0,4.0,No,14.0,3.0,3.0,17.0,4.0,15.0,11.0,5.0
25,No,959.0,Sales,28.0,1.0,41.0,2.0,2.0,Sales Executive,3.0,8639.0,24835.0,2.0,No,18.0,3.0,4.0,6.0,3.0,2.0,2.0,2.0
30,No,1240.0,Human Resources,9.0,3.0,48.0,3.0,2.0,Human Resources,4.0,6347.0,13982.0,0.0,Yes,19.0,3.0,4.0,12.0,1.0,11.0,9.0,4.0
32,Yes,1033.0,Research & Development,9.0,1.0,41.0,3.0,1.0,Laboratory Technician,1.0,4200.0,10224.0,7.0,No,22.0,4.0,1.0,10.0,4.0,5.0,4.0,0.0
45,No,1316.0,Research & Development,29.0,3.0,83.0,3.0,1.0,Research Scientist,4.0,3452.0,9752.0,5.0,No,13.0,3.0,2.0,9.0,2.0,6.0,5.0,0.0
38,No,364.0,Research & Development,3.0,4.0,32.0,3.0,2.0,Research Scientist,3.0,4317.0,2302.0,3.0,Yes,20.0,4.0,2.0,19.0,3.0,3.0,2.0,2.0
30,No,438.0,Research & Development,18.0,1.0,75.0,3.0,1.0,Research Scientist,3.0,2632.0,23910.0,1.0,No,14.0,3.0,3.0,5.0,2.0,5.0,4.0,0.0
32,No,689.0,Sales,9.0,4.0,35.0,1.0,2.0,Sales Executive,4.0,4668.0,22812.0,0.0,No,17.0,3.0,4.0,9.0,4.0,8.0,7.0,0.0
30,No,201.0,Research & Development,5.0,4.0,84.0,3.0,1.0,Research Scientist,1.0,3204.0,10415.0,5.0,No,14.0,3.0,4.0,8.0,3.0,3.0,2.0,2.0
30,No,1427.0,Research & Development,2.0,2.0,35.0,2.0,1.0,Laboratory Technician,4.0,2720.0,11162.0,0.0,No,13.0,3.0,4.0,6.0,3.0,5.0,3.0,1.0
41,No,857.0,Research & Development,10.0,4.0,91.0,2.0,4.0,Manager,1.0,17181.0,12888.0,4.0,No,13.0,3.0,2.0,21.0,2.0,7.0,6.0,7.0
41,No,933.0,Research & Development,9.0,3.0,94.0,3.0,1.0,Laboratory Technician,1.0,2238.0,6961.0,2.0,No,21.0,4.0,4.0,7.0,3.0,5.0,0.0,1.0
19,No,1181.0,Research & Development,3.0,2.0,79.0,3.0,1.0,Laboratory Technician,2.0,1483.0,16102.0,1.0,No,14.0,3.0,4.0,1.0,3.0,1.0,0.0,0.0
40,No,1395.0,Research & Development,26.0,2.0,54.0,3.0,2.0,Research Scientist,2.0,5605.0,8504.0,1.0,No,11.0,3.0,1.0,20.0,3.0,20.0,7.0,2.0
35,No,662.0,Sales,1.0,3.0,94.0,3.0,3.0,Sales Executive,2.0,7295.0,11439.0,1.0,No,13.0,3.0,1.0,10.0,3.0,10.0,8.0,0.0
53,No,1436.0,Sales,6.0,2.0,34.0,3.0,2.0,Sales Representative,3.0,2306.0,16047.0,2.0,Yes,20.0,4.0,4.0,13.0,1.0,7.0,7.0,4.0
45,No,194.0,Research & Development,9.0,2.0,60.0,3.0,2.0,Laboratory Technician,2.0,2348.0,10901.0,8.0,No,18.0,3.0,3.0,20.0,1.0,17.0,9.0,0.0
32,No,967.0,Sales,8.0,2.0,43.0,3.0,3.0,Sales Executive,4.0,8998.0,15589.0,1.0,No,14.0,3.0,4.0,9.0,3.0,9.0,8.0,3.0
29,No,1496.0,Research & Development,1.0,4.0,41.0,3.0,2.0,Manufacturing Director,3.0,4319.0,26283.0,1.0,No,13.0,3.0,1.0,10.0,3.0,10.0,7.0,0.0
51,No,1169.0,Research & Development,7.0,2.0,34.0,2.0,2.0,Manufacturing Director,3.0,6132.0,13983.0,2.0,No,17.0,3.0,3.0,10.0,3.0,1.0,0.0,0.0
58,No,1145.0,Research & Development,9.0,2.0,75.0,2.0,1.0,Research Scientist,2.0,3346.0,11873.0,4.0,Yes,20.0,4.0,2.0,9.0,2.0,1.0,0.0,0.0
40,No,630.0,Sales,4.0,3.0,67.0,2.0,3.0,Sales Executive,4.0,10855.0,8552.0,7.0,No,11.0,3.0,1.0,15.0,2.0,12.0,11.0,2.0
34,No,303.0,Sales,2.0,3.0,75.0,3.0,1.0,Sales Representative,3.0,2231.0,11314.0,6.0,No,18.0,3.0,4.0,6.0,3.0,4.0,3.0,1.0
22,No,1256.0,Research & Development,19.0,3.0,80.0,3.0,1.0,Research Scientist,4.0,2323.0,11992.0,1.0,No,24.0,4.0,1.0,2.0,3.0,2.0,2.0,2.0
27,No,691.0,Research & Development,9.0,4.0,57.0,3.0,1.0,Research Scientist,2.0,2024.0,5970.0,6.0,No,18.0,3.0,4.0,6.0,1.0,2.0,2.0,2.0
28,No,440.0,Research & Development,21.0,3.0,42.0,3.0,1.0,Research Scientist,4.0,2713.0,6672.0,1.0,No,11.0,3.0,3.0,5.0,1.0,5.0,2.0,0.0
57,No,334.0,Research & Development,24.0,3.0,83.0,4.0,3.0,Healthcare Representative,4.0,9439.0,23402.0,3.0,Yes,16.0,3.0,2.0,12.0,1.0,5.0,3.0,1.0
27,No,1450.0,Research & Development,3.0,3.0,79.0,2.0,1.0,Research Scientist,3.0,2566.0,25326.0,1.0,Yes,15.0,3.0,4.0,1.0,2.0,1.0,1.0,0.0
50,No,1452.0,Research & Development,11.0,3.0,53.0,3.0,5.0,Manager,2.0,19926.0,17053.0,3.0,No,15.0,3.0,2.0,21.0,3.0,5.0,4.0,4.0
41,No,465.0,Research & Development,14.0,1.0,56.0,3.0,1.0,Research Scientist,3.0,2451.0,4609.0,4.0,No,12.0,3.0,1.0,13.0,3.0,9.0,8.0,1.0
30,No,1339.0,Sales,5.0,2.0,41.0,3.0,3.0,Sales Executive,4.0,9419.0,8053.0,2.0,No,12.0,3.0,3.0,12.0,3.0,10.0,9.0,7.0
38,No,702.0,Sales,1.0,1.0,59.0,2.0,2.0,Sales Executive,4.0,8686.0,12930.0,4.0,No,22.0,4.0,3.0,12.0,4.0,8.0,3.0,0.0
32,No,120.0,Research & Development,6.0,3.0,43.0,3.0,1.0,Research Scientist,3.0,3038.0,12430.0,3.0,No,20.0,4.0,1.0,8.0,3.0,5.0,4.0,1.0
27,No,1157.0,Research & Development,17.0,3.0,51.0,3.0,1.0,Research Scientist,2.0,3058.0,13364.0,0.0,Yes,16.0,3.0,4.0,6.0,2.0,5.0,2.0,1.0
19,Yes,602.0,Sales,1.0,3.0,100.0,1.0,1.0,Sales Representative,1.0,2325.0,20989.0,0.0,No,21.0,4.0,1.0,1.0,4.0,0.0,0.0,0.0
36,No,1480.0,Research & Development,3.0,4.0,30.0,3.0,1.0,Laboratory Technician,2.0,2088.0,15062.0,4.0,No,12.0,3.0,3.0,13.0,2.0,8.0,7.0,7.0
30,No,111.0,Research & Development,9.0,3.0,66.0,3.0,2.0,Laboratory Technician,1.0,3072.0,11012.0,1.0,No,11.0,3.0,3.0,12.0,3.0,12.0,9.0,6.0
45,No,1268.0,Sales,4.0,3.0,30.0,3.0,2.0,Sales Executive,1.0,5006.0,6319.0,4.0,Yes,11.0,3.0,1.0,9.0,4.0,5.0,4.0,0.0
56,No,713.0,Research & Development,8.0,3.0,67.0,3.0,1.0,Research Scientist,1.0,4257.0,13939.0,4.0,Yes,18.0,3.0,3.0,19.0,3.0,2.0,2.0,2.0
33,No,134.0,Research & Development,2.0,3.0,90.0,3.0,1.0,Research Scientist,4.0,2500.0,10515.0,0.0,No,14.0,3.0,1.0,4.0,4.0,3.0,1.0,0.0
19,Yes,303.0,Research & Development,2.0,2.0,47.0,2.0,1.0,Laboratory Technician,4.0,1102.0,9241.0,1.0,No,22.0,4.0,3.0,1.0,2.0,1.0,0.0,1.0
46,No,526.0,Sales,1.0,2.0,92.0,3.0,3.0,Sales Executive,1.0,10453.0,2137.0,1.0,No,25.0,4.0,3.0,24.0,3.0,24.0,13.0,15.0
38,No,1380.0,Research & Development,9.0,3.0,75.0,3.0,1.0,Laboratory Technician,4.0,2288.0,6319.0,1.0,No,12.0,3.0,3.0,2.0,3.0,2.0,2.0,2.0
31,No,140.0,Research & Development,12.0,3.0,95.0,3.0,1.0,Research Scientist,4.0,3929.0,6984.0,8.0,Yes,23.0,4.0,3.0,7.0,3.0,4.0,2.0,0.0
34,No,629.0,Research & Development,27.0,4.0,95.0,3.0,1.0,Research Scientist,2.0,2311.0,5711.0,2.0,No,15.0,3.0,4.0,9.0,3.0,3.0,2.0,1.0
41,Yes,1356.0,Sales,20.0,2.0,70.0,3.0,1.0,Sales Representative,2.0,3140.0,21728.0,1.0,Yes,22.0,4.0,4.0,4.0,2.0,4.0,3.0,0.0
50,No,328.0,Research & Development,1.0,3.0,86.0,2.0,1.0,Laboratory Technician,3.0,3690.0,3425.0,2.0,No,15.0,3.0,4.0,5.0,2.0,3.0,2.0,0.0
53,No,1084.0,Research & Development,13.0,4.0,57.0,4.0,2.0,Manufacturing Director,1.0,4450.0,26250.0,1.0,No,11.0,3.0,3.0,5.0,3.0,4.0,2.0,1.0
33,No,931.0,Research & Development,14.0,4.0,72.0,3.0,1.0,Research Scientist,2.0,2756.0,4673.0,1.0,No,13.0,3.0,4.0,8.0,3.0,8.0,7.0,1.0
40,No,989.0,Research & Development,4.0,4.0,46.0,3.0,5.0,Manager,3.0,19033.0,6499.0,1.0,No,14.0,3.0,2.0,21.0,3.0,20.0,8.0,9.0
55,No,692.0,Research & Development,14.0,3.0,61.0,4.0,5.0,Research Director,2.0,18722.0,13339.0,8.0,No,11.0,3.0,4.0,36.0,3.0,24.0,15.0,2.0
34,No,1069.0,Research & Development,2.0,4.0,45.0,2.0,2.0,Manufacturing Director,3.0,9547.0,14074.0,1.0,No,17.0,3.0,3.0,10.0,2.0,10.0,9.0,1.0
51,No,313.0,Research & Development,3.0,4.0,98.0,3.0,4.0,Healthcare Representative,2.0,13734.0,7192.0,3.0,No,18.0,3.0,3.0,21.0,3.0,7.0,7.0,1.0
52,No,699.0,Research & Development,1.0,3.0,65.0,2.0,5.0,Manager,3.0,19999.0,5678.0,0.0,No,14.0,3.0,1.0,34.0,3.0,33.0,18.0,11.0
27,No,894.0,Research & Development,9.0,4.0,99.0,3.0,1.0,Research Scientist,2.0,2279.0,11781.0,1.0,No,16.0,3.0,4.0,7.0,2.0,7.0,7.0,0.0
35,Yes,556.0,Research & Development,23.0,2.0,50.0,2.0,2.0,Manufacturing Director,3.0,5916.0,15497.0,3.0,Yes,13.0,3.0,1.0,8.0,3.0,1.0,0.0,0.0
43,No,1344.0,Research & Development,7.0,4.0,37.0,4.0,1.0,Research Scientist,4.0,2089.0,5228.0,4.0,No,14.0,3.0,4.0,7.0,4.0,5.0,4.0,2.0
45,No,1195.0,Research & Development,2.0,1.0,65.0,2.0,4.0,Manager,4.0,16792.0,20462.0,9.0,No,23.0,4.0,4.0,22.0,3.0,20.0,8.0,11.0
37,No,290.0,Research & Development,21.0,2.0,65.0,4.0,1.0,Research Scientist,1.0,3564.0,22977.0,1.0,Yes,12.0,3.0,1.0,8.0,2.0,8.0,7.0,1.0
35,No,138.0,Research & Development,2.0,2.0,37.0,3.0,2.0,Laboratory Technician,2.0,4425.0,15986.0,5.0,No,11.0,3.0,4.0,10.0,3.0,6.0,2.0,1.0
42,No,926.0,Research & Development,21.0,3.0,36.0,3.0,2.0,Manufacturing Director,3.0,5265.0,16439.0,2.0,No,16.0,3.0,2.0,11.0,3.0,5.0,3.0,0.0
38,No,1261.0,Research & Development,2.0,4.0,88.0,3.0,2.0,Manufacturing Director,3.0,6553.0,7259.0,9.0,No,14.0,3.0,2.0,14.0,3.0,1.0,0.0,0.0
38,No,1084.0,Research & Development,29.0,4.0,54.0,3.0,2.0,Manufacturing Director,4.0,6261.0,4185.0,3.0,No,18.0,3.0,1.0,9.0,1.0,7.0,7.0,1.0
27,No,472.0,Research & Development,1.0,3.0,60.0,2.0,2.0,Manufacturing Director,1.0,4298.0,9679.0,5.0,No,19.0,3.0,3.0,6.0,3.0,2.0,2.0,2.0
49,No,1002.0,Research & Development,18.0,4.0,92.0,3.0,2.0,Manufacturing Director,4.0,6804.0,23793.0,1.0,Yes,15.0,3.0,1.0,7.0,3.0,7.0,7.0,1.0
34,No,878.0,Research & Development,10.0,4.0,43.0,3.0,1.0,Research Scientist,3.0,3815.0,5972.0,1.0,Yes,17.0,3.0,4.0,5.0,4.0,5.0,3.0,2.0
40,No,905.0,Research & Development,19.0,3.0,99.0,3.0,2.0,Laboratory Technician,4.0,2741.0,16523.0,8.0,Yes,15.0,3.0,3.0,15.0,4.0,7.0,2.0,3.0
38,Yes,1180.0,Research & Development,29.0,2.0,70.0,3.0,2.0,Healthcare Representative,1.0,6673.0,11354.0,7.0,Yes,19.0,3.0,2.0,17.0,3.0,1.0,0.0,0.0
29,Yes,121.0,Sales,27.0,2.0,35.0,3.0,3.0,Sales Executive,4.0,7639.0,24525.0,1.0,No,22.0,4.0,4.0,10.0,2.0,10.0,4.0,1.0
22,No,1136.0,Research & Development,5.0,4.0,60.0,4.0,1.0,Research Scientist,2.0,2328.0,12392.0,1.0,Yes,16.0,3.0,1.0,4.0,2.0,4.0,2.0,2.0
36,No,635.0,Research & Development,18.0,2.0,73.0,3.0,1.0,Laboratory Technician,4.0,2153.0,7703.0,1.0,No,13.0,3.0,1.0,8.0,3.0,8.0,1.0,1.0
40,No,1151.0,Research & Development,9.0,4.0,63.0,2.0,2.0,Healthcare Representative,4.0,4876.0,14242.0,9.0,No,14.0,3.0,4.0,5.0,1.0,3.0,2.0,0.0
46,No,644.0,Research & Development,1.0,4.0,97.0,3.0,3.0,Healthcare Representative,1.0,9396.0,12368.0,7.0,No,16.0,3.0,3.0,17.0,3.0,4.0,2.0,0.0
32,Yes,1045.0,Sales,4.0,4.0,32.0,1.0,3.0,Sales Executive,4.0,10400.0,25812.0,1.0,No,11.0,3.0,3.0,14.0,2.0,14.0,8.0,9.0
30,No,829.0,Research & Development,1.0,3.0,88.0,2.0,3.0,Manufacturing Director,3.0,8474.0,20925.0,1.0,No,22.0,4.0,3.0,12.0,3.0,11.0,8.0,5.0
27,No,1242.0,Sales,20.0,4.0,90.0,3.0,2.0,Sales Executive,3.0,9981.0,12916.0,1.0,No,14.0,3.0,4.0,7.0,3.0,7.0,7.0,0.0
51,No,1469.0,Research & Development,8.0,2.0,81.0,2.0,3.0,Research Director,2.0,12490.0,15736.0,5.0,No,16.0,3.0,4.0,16.0,1.0,10.0,9.0,4.0
30,Yes,1005.0,Research & Development,3.0,4.0,88.0,3.0,1.0,Research Scientist,1.0,2657.0,8556.0,5.0,Yes,11.0,3.0,3.0,8.0,3.0,5.0,2.0,0.0
41,No,896.0,Sales,6.0,4.0,75.0,3.0,3.0,Manager,4.0,13591.0,14674.0,3.0,Yes,18.0,3.0,3.0,16.0,3.0,1.0,0.0,0.0
30,Yes,334.0,Sales,26.0,3.0,52.0,2.0,2.0,Sales Executive,1.0,6696.0,22967.0,5.0,No,15.0,3.0,3.0,9.0,2.0,6.0,3.0,0.0
29,Yes,992.0,Research & Development,1.0,3.0,85.0,3.0,1.0,Research Scientist,3.0,2058.0,19757.0,0.0,No,14.0,3.0,4.0,7.0,2.0,6.0,2.0,1.0
45,No,1052.0,Sales,6.0,4.0,57.0,2.0,3.0,Sales Executive,4.0,8865.0,16840.0,6.0,No,12.0,3.0,4.0,23.0,3.0,19.0,7.0,12.0
54,No,1147.0,Sales,3.0,4.0,52.0,3.0,2.0,Sales Executive,1.0,5940.0,17011.0,2.0,No,14.0,3.0,4.0,16.0,3.0,6.0,2.0,0.0
36,No,1396.0,Research & Development,5.0,4.0,62.0,3.0,2.0,Laboratory Technician,2.0,5914.0,9945.0,8.0,No,16.0,3.0,4.0,16.0,4.0,13.0,11.0,3.0
33,No,147.0,Research & Development,4.0,3.0,47.0,2.0,1.0,Research Scientist,2.0,2622.0,13248.0,6.0,No,21.0,4.0,4.0,7.0,3.0,3.0,2.0,1.0
37,No,663.0,Research & Development,11.0,2.0,47.0,3.0,3.0,Research Director,4.0,12185.0,10056.0,1.0,Yes,14.0,3.0,3.0,10.0,3.0,10.0,8.0,0.0
38,No,119.0,Sales,3.0,1.0,76.0,3.0,3.0,Sales Executive,3.0,10609.0,9647.0,0.0,No,12.0,3.0,3.0,17.0,2.0,16.0,10.0,5.0
31,No,979.0,Research & Development,1.0,3.0,90.0,1.0,2.0,Manufacturing Director,3.0,4345.0,4381.0,0.0,No,12.0,3.0,4.0,6.0,3.0,5.0,4.0,1.0
59,No,142.0,Research & Development,3.0,3.0,70.0,2.0,1.0,Research Scientist,4.0,2177.0,8456.0,3.0,No,17.0,3.0,1.0,7.0,3.0,1.0,0.0,0.0
37,No,319.0,Sales,4.0,1.0,41.0,3.0,1.0,Sales Representative,4.0,2793.0,2539.0,4.0,No,17.0,3.0,3.0,13.0,3.0,9.0,8.0,5.0
29,No,1413.0,Sales,1.0,2.0,42.0,3.0,3.0,Sales Executive,4.0,7918.0,6599.0,1.0,No,14.0,3.0,4.0,11.0,3.0,11.0,10.0,4.0
35,No,944.0,Sales,1.0,3.0,92.0,3.0,3.0,Sales Executive,3.0,8789.0,9096.0,1.0,No,14.0,3.0,1.0,10.0,4.0,10.0,7.0,0.0
29,Yes,896.0,Research & Development,18.0,3.0,86.0,2.0,1.0,Research Scientist,4.0,2389.0,14961.0,1.0,Yes,13.0,3.0,3.0,4.0,2.0,4.0,3.0,0.0
52,No,1323.0,Research & Development,2.0,3.0,89.0,2.0,1.0,Laboratory Technician,4.0,3212.0,3300.0,7.0,No,15.0,3.0,2.0,6.0,2.0,2.0,2.0,2.0
42,No,532.0,Research & Development,4.0,3.0,58.0,3.0,5.0,Manager,4.0,19232.0,4933.0,1.0,No,11.0,3.0,4.0,22.0,3.0,22.0,17.0,11.0
59,No,818.0,Human Resources,6.0,2.0,52.0,3.0,1.0,Human Resources,3.0,2267.0,25657.0,8.0,No,17.0,3.0,4.0,7.0,2.0,2.0,2.0,2.0
50,No,854.0,Sales,1.0,4.0,68.0,3.0,5.0,Manager,4.0,19517.0,24118.0,3.0,No,11.0,3.0,3.0,32.0,2.0,7.0,0.0,0.0
33,Yes,813.0,Research & Development,14.0,3.0,58.0,3.0,1.0,Laboratory Technician,4.0,2436.0,22149.0,5.0,Yes,13.0,3.0,3.0,8.0,1.0,5.0,4.0,0.0
43,No,1034.0,Sales,16.0,4.0,80.0,3.0,4.0,Manager,4.0,16064.0,7744.0,5.0,Yes,22.0,4.0,3.0,22.0,3.0,17.0,13.0,1.0
33,Yes,465.0,Research & Development,2.0,1.0,39.0,3.0,1.0,Laboratory Technician,1.0,2707.0,21509.0,7.0,No,20.0,4.0,1.0,13.0,4.0,9.0,7.0,1.0
52,No,771.0,Sales,2.0,1.0,79.0,2.0,5.0,Manager,3.0,19068.0,21030.0,1.0,Yes,18.0,3.0,4.0,33.0,4.0,33.0,7.0,15.0
32,No,1401.0,Sales,4.0,3.0,56.0,3.0,1.0,Sales Representative,2.0,3931.0,20990.0,2.0,No,11.0,3.0,1.0,6.0,3.0,4.0,3.0,1.0
32,Yes,515.0,Research & Development,1.0,4.0,62.0,2.0,1.0,Laboratory Technician,3.0,3730.0,9571.0,0.0,Yes,14.0,3.0,4.0,4.0,1.0,3.0,2.0,1.0
39,No,1431.0,Research & Development,1.0,3.0,96.0,3.0,1.0,Laboratory Technician,3.0,2232.0,15417.0,7.0,No,14.0,3.0,3.0,7.0,3.0,3.0,2.0,1.0
32,No,976.0,Sales,26.0,3.0,100.0,3.0,2.0,Sales Executive,4.0,4465.0,12069.0,0.0,No,18.0,3.0,1.0,4.0,3.0,3.0,2.0,2.0
41,No,1411.0,Research & Development,19.0,3.0,36.0,3.0,2.0,Research Scientist,1.0,3072.0,19877.0,2.0,No,16.0,3.0,1.0,17.0,2.0,1.0,0.0,0.0
40,No,1300.0,Research & Development,24.0,1.0,62.0,3.0,2.0,Research Scientist,4.0,3319.0,24447.0,1.0,No,17.0,3.0,1.0,9.0,3.0,9.0,8.0,4.0
45,No,252.0,Research & Development,1.0,3.0,70.0,4.0,5.0,Manager,4.0,19202.0,15970.0,0.0,No,11.0,3.0,3.0,25.0,3.0,24.0,0.0,1.0
31,No,1327.0,Research & Development,3.0,2.0,73.0,3.0,3.0,Research Director,3.0,13675.0,13523.0,9.0,No,12.0,3.0,1.0,9.0,3.0,2.0,2.0,2.0
33,No,832.0,Research & Development,5.0,3.0,63.0,2.0,1.0,Research Scientist,4.0,2911.0,14776.0,1.0,No,13.0,3.0,3.0,2.0,2.0,2.0,2.0,0.0
34,No,470.0,Research & Development,2.0,4.0,84.0,2.0,2.0,Manufacturing Director,1.0,5957.0,23687.0,6.0,No,13.0,3.0,2.0,13.0,3.0,11.0,9.0,5.0
37,No,1017.0,Research & Development,1.0,3.0,83.0,2.0,1.0,Research Scientist,1.0,3920.0,18697.0,2.0,No,14.0,3.0,1.0,17.0,2.0,3.0,1.0,0.0
45,No,1199.0,Research & Development,7.0,1.0,77.0,4.0,2.0,Manufacturing Director,3.0,6434.0,5118.0,4.0,No,17.0,3.0,4.0,9.0,3.0,3.0,2.0,0.0
37,Yes,504.0,Research & Development,10.0,1.0,61.0,3.0,3.0,Manufacturing Director,3.0,10048.0,22573.0,6.0,No,11.0,3.0,2.0,17.0,3.0,1.0,0.0,0.0
39,No,505.0,Research & Development,2.0,3.0,64.0,3.0,3.0,Healthcare Representative,3.0,10938.0,6420.0,0.0,No,25.0,4.0,4.0,20.0,3.0,19.0,6.0,11.0
29,No,665.0,Research & Development,15.0,3.0,60.0,3.0,1.0,Research Scientist,4.0,2340.0,22673.0,1.0,No,19.0,3.0,1.0,6.0,3.0,6.0,5.0,1.0
42,No,916.0,Research & Development,17.0,4.0,82.0,4.0,2.0,Research Scientist,1.0,6545.0,23016.0,3.0,Yes,13.0,3.0,3.0,10.0,3.0,3.0,2.0,0.0
29,No,1247.0,Sales,20.0,4.0,45.0,3.0,2.0,Sales Executive,4.0,6931.0,10732.0,2.0,No,14.0,3.0,4.0,10.0,3.0,3.0,2.0,0.0
25,No,685.0,Research & Development,1.0,1.0,62.0,3.0,2.0,Manufacturing Director,3.0,4898.0,7505.0,0.0,No,12.0,3.0,4.0,5.0,3.0,4.0,2.0,1.0
42,No,269.0,Research & Development,2.0,4.0,56.0,2.0,1.0,Laboratory Technician,1.0,2593.0,8007.0,0.0,Yes,11.0,3.0,3.0,10.0,3.0,9.0,6.0,7.0
40,No,1416.0,Research & Development,2.0,1.0,49.0,3.0,5.0,Research Director,3.0,19436.0,5949.0,0.0,No,19.0,3.0,4.0,22.0,3.0,21.0,7.0,3.0
51,No,833.0,Research & Development,1.0,3.0,96.0,3.0,1.0,Research Scientist,4.0,2723.0,23231.0,1.0,No,11.0,3.0,2.0,1.0,2.0,1.0,0.0,0.0
31,Yes,307.0,Research & Development,29.0,3.0,71.0,2.0,1.0,Laboratory Technician,2.0,3479.0,11652.0,0.0,No,11.0,3.0,2.0,6.0,4.0,5.0,4.0,1.0
32,No,1311.0,Research & Development,7.0,2.0,100.0,4.0,1.0,Laboratory Technician,2.0,2794.0,26062.0,1.0,No,20.0,4.0,3.0,5.0,1.0,5.0,1.0,0.0
38,No,1327.0,Sales,2.0,4.0,39.0,2.0,2.0,Sales Executive,4.0,5249.0,19682.0,3.0,No,18.0,3.0,4.0,13.0,3.0,8.0,7.0,7.0
32,No,128.0,Research & Development,2.0,4.0,84.0,2.0,2.0,Laboratory Technician,1.0,2176.0,19737.0,4.0,No,13.0,3.0,4.0,9.0,3.0,6.0,2.0,0.0
46,No,488.0,Sales,2.0,3.0,75.0,1.0,4.0,Manager,2.0,16872.0,14977.0,3.0,Yes,12.0,3.0,2.0,28.0,2.0,7.0,7.0,7.0
28,Yes,529.0,Research & Development,2.0,1.0,79.0,3.0,1.0,Laboratory Technician,3.0,3485.0,14935.0,2.0,No,11.0,3.0,3.0,5.0,1.0,0.0,0.0,0.0
29,No,1210.0,Sales,2.0,1.0,78.0,2.0,2.0,Sales Executive,2.0,6644.0,3687.0,2.0,No,19.0,3.0,2.0,10.0,3.0,0.0,0.0,0.0
31,No,1463.0,Research & Development,23.0,2.0,64.0,2.0,2.0,Healthcare Representative,4.0,5582.0,14408.0,0.0,No,21.0,4.0,2.0,10.0,3.0,9.0,0.0,7.0
25,No,675.0,Research & Development,5.0,2.0,85.0,4.0,2.0,Healthcare Representative,1.0,4000.0,18384.0,1.0,No,12.0,3.0,4.0,6.0,3.0,6.0,3.0,1.0
45,No,1385.0,Research & Development,20.0,3.0,79.0,3.0,4.0,Healthcare Representative,4.0,13496.0,7501.0,0.0,Yes,14.0,3.0,2.0,21.0,3.0,20.0,7.0,4.0
36,No,1403.0,Research & Development,6.0,4.0,47.0,3.0,1.0,Laboratory Technician,4.0,3210.0,20251.0,0.0,No,11.0,3.0,3.0,16.0,3.0,15.0,13.0,10.0
55,No,452.0,Research & Development,1.0,4.0,81.0,3.0,5.0,Manager,1.0,19045.0,18938.0,0.0,Yes,14.0,3.0,3.0,37.0,3.0,36.0,10.0,4.0
47,Yes,666.0,Research & Development,29.0,1.0,88.0,3.0,3.0,Manager,2.0,11849.0,10268.0,1.0,Yes,12.0,3.0,4.0,10.0,2.0,10.0,7.0,9.0
28,No,1158.0,Research & Development,9.0,4.0,94.0,3.0,1.0,Research Scientist,4.0,2070.0,2613.0,1.0,No,23.0,4.0,4.0,5.0,2.0,5.0,2.0,0.0
37,No,228.0,Sales,6.0,3.0,98.0,3.0,2.0,Sales Executive,4.0,6502.0,22825.0,4.0,No,14.0,3.0,2.0,7.0,4.0,5.0,4.0,0.0
21,No,996.0,Research & Development,3.0,4.0,100.0,2.0,1.0,Research Scientist,3.0,3230.0,10531.0,1.0,No,17.0,3.0,1.0,3.0,4.0,3.0,2.0,1.0
37,No,728.0,Research & Development,1.0,1.0,80.0,3.0,3.0,Research Director,4.0,13603.0,11677.0,2.0,Yes,18.0,3.0,1.0,15.0,3.0,5.0,2.0,0.0
35,No,1315.0,Research & Development,22.0,2.0,71.0,4.0,3.0,Manager,2.0,11996.0,19100.0,7.0,No,18.0,3.0,2.0,10.0,2.0,7.0,7.0,6.0
38,No,322.0,Sales,7.0,1.0,44.0,4.0,2.0,Sales Executive,1.0,5605.0,19191.0,1.0,Yes,24.0,4.0,3.0,8.0,3.0,8.0,0.0,7.0
26,No,1479.0,Research & Development,1.0,3.0,84.0,3.0,2.0,Manufacturing Director,2.0,6397.0,26767.0,1.0,No,20.0,4.0,1.0,6.0,1.0,6.0,5.0,1.0
50,No,797.0,Research & Development,4.0,1.0,96.0,3.0,5.0,Research Director,2.0,19144.0,15815.0,3.0,No,14.0,3.0,1.0,28.0,2.0,10.0,4.0,1.0
53,No,1070.0,Research & Development,3.0,3.0,45.0,3.0,4.0,Research Director,3.0,17584.0,21016.0,3.0,Yes,16.0,3.0,4.0,21.0,2.0,5.0,3.0,1.0
42,No,635.0,Sales,1.0,2.0,99.0,3.0,2.0,Sales Executive,3.0,4907.0,24532.0,1.0,No,25.0,4.0,3.0,20.0,3.0,20.0,16.0,11.0
29,No,442.0,Sales,2.0,2.0,44.0,3.0,2.0,Sales Executive,4.0,4554.0,20260.0,1.0,No,18.0,3.0,1.0,10.0,2.0,10.0,7.0,0.0
55,No,147.0,Research & Development,20.0,2.0,37.0,3.0,2.0,Laboratory Technician,4.0,5415.0,15972.0,3.0,Yes,19.0,3.0,4.0,12.0,3.0,10.0,7.0,0.0
26,No,496.0,Research & Development,11.0,1.0,60.0,3.0,2.0,Healthcare Representative,1.0,4741.0,22722.0,1.0,Yes,13.0,3.0,3.0,5.0,3.0,5.0,3.0,3.0
37,No,1372.0,Research & Development,1.0,4.0,42.0,3.0,1.0,Research Scientist,4.0,2115.0,15881.0,1.0,No,12.0,3.0,2.0,17.0,3.0,17.0,12.0,5.0
44,Yes,920.0,Research & Development,24.0,4.0,43.0,3.0,1.0,Laboratory Technician,3.0,3161.0,19920.0,3.0,Yes,22.0,4.0,4.0,19.0,1.0,1.0,0.0,0.0
38,No,688.0,Research & Development,23.0,4.0,82.0,3.0,2.0,Healthcare Representative,4.0,5745.0,18899.0,9.0,No,14.0,3.0,2.0,10.0,3.0,2.0,2.0,1.0
26,Yes,1449.0,Research & Development,16.0,1.0,45.0,3.0,1.0,Laboratory Technician,2.0,2373.0,14180.0,2.0,Yes,13.0,3.0,4.0,5.0,3.0,3.0,2.0,0.0
28,No,1117.0,Research & Development,8.0,4.0,66.0,3.0,1.0,Research Scientist,4.0,3310.0,4488.0,1.0,No,21.0,4.0,4.0,5.0,3.0,5.0,3.0,0.0
49,No,636.0,Research & Development,10.0,3.0,35.0,3.0,5.0,Research Director,1.0,18665.0,25594.0,9.0,Yes,11.0,3.0,4.0,22.0,3.0,3.0,2.0,1.0
36,No,506.0,Research & Development,3.0,3.0,30.0,3.0,2.0,Research Scientist,2.0,4485.0,26285.0,4.0,No,12.0,3.0,4.0,10.0,3.0,8.0,0.0,7.0
31,No,444.0,Sales,5.0,4.0,84.0,3.0,1.0,Sales Representative,2.0,2789.0,3909.0,1.0,No,11.0,3.0,3.0,2.0,2.0,2.0,2.0,2.0
26,Yes,950.0,Sales,4.0,4.0,48.0,2.0,2.0,Sales Executive,4.0,5828.0,8450.0,1.0,Yes,12.0,3.0,2.0,8.0,3.0,8.0,7.0,7.0
37,No,889.0,Research & Development,9.0,2.0,53.0,3.0,1.0,Research Scientist,4.0,2326.0,11411.0,1.0,Yes,12.0,3.0,3.0,4.0,2.0,4.0,2.0,1.0
42,No,555.0,Sales,26.0,3.0,77.0,3.0,4.0,Sales Executive,2.0,13525.0,14864.0,5.0,No,14.0,3.0,4.0,23.0,4.0,20.0,4.0,4.0
18,Yes,230.0,Research & Development,3.0,3.0,54.0,3.0,1.0,Laboratory Technician,3.0,1420.0,25233.0,1.0,No,13.0,3.0,3.0,0.0,3.0,0.0,0.0,0.0
35,No,1232.0,Sales,16.0,3.0,96.0,3.0,3.0,Sales Executive,2.0,8020.0,5100.0,0.0,No,15.0,3.0,3.0,12.0,2.0,11.0,9.0,6.0
36,No,566.0,Research & Development,18.0,3.0,81.0,4.0,1.0,Laboratory Technician,4.0,3688.0,7122.0,4.0,No,18.0,3.0,4.0,4.0,3.0,1.0,0.0,0.0
51,No,1302.0,Research & Development,2.0,4.0,84.0,1.0,2.0,Manufacturing Director,2.0,5482.0,16321.0,5.0,No,18.0,3.0,4.0,13.0,3.0,4.0,1.0,1.0
41,No,334.0,Sales,2.0,4.0,88.0,3.0,4.0,Manager,2.0,16015.0,15896.0,1.0,No,19.0,3.0,2.0,22.0,3.0,22.0,10.0,0.0
18,No,812.0,Sales,10.0,4.0,69.0,2.0,1.0,Sales Representative,3.0,1200.0,9724.0,1.0,No,12.0,3.0,1.0,0.0,3.0,0.0,0.0,0.0
28,No,1476.0,Research & Development,16.0,2.0,68.0,4.0,2.0,Healthcare Representative,1.0,5661.0,4824.0,0.0,No,19.0,3.0,3.0,9.0,3.0,8.0,3.0,0.0
31,No,218.0,Sales,7.0,2.0,100.0,4.0,2.0,Sales Executive,4.0,6929.0,12241.0,4.0,No,11.0,3.0,2.0,10.0,2.0,8.0,7.0,7.0
39,No,1132.0,Research & Development,1.0,3.0,48.0,4.0,3.0,Healthcare Representative,4.0,9613.0,10942.0,0.0,No,17.0,3.0,1.0,19.0,2.0,18.0,10.0,3.0
36,No,1105.0,Research & Development,24.0,2.0,47.0,3.0,2.0,Laboratory Technician,2.0,5674.0,6927.0,7.0,No,15.0,3.0,3.0,11.0,3.0,9.0,8.0,0.0
32,No,906.0,Sales,7.0,4.0,91.0,2.0,2.0,Sales Executive,3.0,5484.0,16985.0,1.0,No,14.0,3.0,3.0,13.0,2.0,13.0,8.0,4.0
38,No,849.0,Research & Development,25.0,1.0,81.0,2.0,3.0,Research Director,2.0,12061.0,26707.0,3.0,No,17.0,3.0,3.0,19.0,3.0,10.0,8.0,0.0
58,No,390.0,Research & Development,1.0,4.0,32.0,1.0,2.0,Healthcare Representative,3.0,5660.0,17056.0,2.0,Yes,13.0,3.0,4.0,12.0,3.0,5.0,3.0,1.0
31,No,691.0,Research & Development,5.0,3.0,86.0,3.0,1.0,Research Scientist,4.0,4821.0,10077.0,0.0,Yes,12.0,3.0,3.0,6.0,3.0,5.0,2.0,0.0
31,No,106.0,Human Resources,2.0,1.0,62.0,2.0,2.0,Human Resources,1.0,6410.0,17822.0,3.0,No,12.0,3.0,4.0,9.0,3.0,2.0,2.0,1.0
45,No,1249.0,Research & Development,7.0,1.0,97.0,3.0,3.0,Laboratory Technician,1.0,5210.0,20308.0,1.0,No,18.0,3.0,1.0,24.0,3.0,24.0,9.0,9.0
31,No,192.0,Research & Development,2.0,3.0,32.0,3.0,1.0,Research Scientist,4.0,2695.0,7747.0,0.0,Yes,18.0,3.0,2.0,3.0,1.0,2.0,2.0,2.0
33,No,553.0,Research & Development,5.0,4.0,74.0,3.0,3.0,Manager,2.0,11878.0,23364.0,6.0,No,11.0,3.0,2.0,12.0,3.0,10.0,6.0,8.0
39,No,117.0,Research & Development,10.0,3.0,99.0,3.0,4.0,Manager,1.0,17068.0,5355.0,1.0,Yes,14.0,3.0,4.0,21.0,3.0,21.0,9.0,11.0
43,No,185.0,Research & Development,10.0,3.0,33.0,3.0,1.0,Laboratory Technician,4.0,2455.0,10675.0,0.0,No,19.0,3.0,1.0,9.0,3.0,8.0,7.0,1.0
49,No,1091.0,Research & Development,1.0,3.0,90.0,2.0,4.0,Healthcare Representative,3.0,13964.0,17810.0,7.0,Yes,12.0,3.0,4.0,25.0,3.0,7.0,1.0,0.0
52,Yes,723.0,Research & Development,8.0,3.0,85.0,2.0,2.0,Research Scientist,2.0,4941.0,17747.0,2.0,No,15.0,3.0,1.0,11.0,2.0,8.0,2.0,7.0
27,No,1220.0,Research & Development,5.0,3.0,85.0,3.0,1.0,Research Scientist,2.0,2478.0,20938.0,1.0,Yes,12.0,3.0,2.0,4.0,2.0,4.0,3.0,1.0
32,No,588.0,Sales,8.0,3.0,65.0,2.0,2.0,Sales Executive,2.0,5228.0,24624.0,1.0,Yes,11.0,3.0,4.0,13.0,3.0,13.0,12.0,11.0
27,No,1377.0,Sales,2.0,4.0,74.0,3.0,2.0,Sales Executive,3.0,4478.0,5242.0,1.0,Yes,11.0,3.0,1.0,5.0,3.0,5.0,4.0,0.0
31,No,691.0,Sales,7.0,4.0,73.0,3.0,2.0,Sales Executive,4.0,7547.0,7143.0,4.0,No,12.0,3.0,4.0,13.0,3.0,7.0,7.0,1.0
32,No,1018.0,Research & Development,2.0,1.0,74.0,4.0,2.0,Research Scientist,4.0,5055.0,10557.0,7.0,No,16.0,3.0,3.0,10.0,2.0,7.0,7.0,0.0
28,Yes,1157.0,Research & Development,2.0,1.0,84.0,1.0,1.0,Research Scientist,4.0,3464.0,24737.0,5.0,Yes,13.0,3.0,4.0,5.0,2.0,3.0,2.0,2.0
30,No,1275.0,Research & Development,28.0,4.0,64.0,3.0,2.0,Research Scientist,4.0,5775.0,11934.0,1.0,No,13.0,3.0,4.0,11.0,3.0,10.0,8.0,1.0
31,No,798.0,Research & Development,7.0,3.0,48.0,2.0,3.0,Manufacturing Director,3.0,8943.0,14034.0,1.0,No,24.0,4.0,1.0,10.0,3.0,10.0,9.0,8.0
39,No,672.0,Research & Development,7.0,3.0,54.0,2.0,5.0,Manager,4.0,19272.0,21141.0,1.0,No,15.0,3.0,1.0,21.0,3.0,21.0,9.0,13.0
39,Yes,1162.0,Sales,3.0,4.0,41.0,3.0,2.0,Sales Executive,3.0,5238.0,17778.0,4.0,Yes,18.0,3.0,1.0,12.0,2.0,1.0,0.0,0.0
33,No,508.0,Sales,10.0,2.0,46.0,2.0,2.0,Sales Executive,4.0,4682.0,4317.0,3.0,No,14.0,3.0,3.0,9.0,2.0,7.0,7.0,0.0
47,No,1482.0,Research & Development,5.0,4.0,42.0,3.0,5.0,Research Director,3.0,18300.0,16375.0,4.0,No,11.0,3.0,2.0,21.0,3.0,3.0,2.0,1.0
43,No,559.0,Research & Development,10.0,3.0,82.0,2.0,2.0,Laboratory Technician,3.0,5257.0,6227.0,1.0,No,11.0,3.0,2.0,9.0,4.0,9.0,7.0,0.0
27,No,210.0,Sales,1.0,3.0,73.0,3.0,2.0,Sales Executive,2.0,6349.0,22107.0,0.0,Yes,13.0,3.0,4.0,6.0,3.0,5.0,4.0,1.0
54,No,928.0,Research & Development,20.0,4.0,31.0,3.0,2.0,Research Scientist,3.0,4869.0,16885.0,3.0,No,12.0,3.0,4.0,20.0,2.0,4.0,3.0,0.0
43,No,1001.0,Research & Development,7.0,3.0,43.0,3.0,3.0,Healthcare Representative,1.0,9985.0,9262.0,8.0,No,16.0,3.0,1.0,10.0,2.0,1.0,0.0,0.0
45,No,549.0,Research & Development,8.0,4.0,75.0,3.0,2.0,Research Scientist,4.0,3697.0,9278.0,9.0,No,14.0,3.0,1.0,12.0,3.0,10.0,9.0,9.0
40,No,1124.0,Sales,1.0,2.0,57.0,1.0,2.0,Sales Executive,4.0,7457.0,13273.0,2.0,Yes,22.0,4.0,3.0,6.0,2.0,4.0,3.0,0.0
29,Yes,318.0,Research & Development,8.0,2.0,77.0,1.0,1.0,Laboratory Technician,1.0,2119.0,4759.0,1.0,Yes,11.0,3.0,4.0,7.0,2.0,7.0,7.0,0.0
29,No,738.0,Research & Development,9.0,2.0,30.0,2.0,1.0,Laboratory Technician,4.0,3983.0,7621.0,0.0,No,17.0,3.0,3.0,4.0,3.0,3.0,2.0,2.0
30,No,570.0,Sales,5.0,4.0,30.0,2.0,2.0,Sales Executive,3.0,6118.0,5431.0,1.0,No,13.0,3.0,3.0,10.0,3.0,10.0,9.0,1.0
27,No,1130.0,Sales,8.0,2.0,56.0,3.0,2.0,Sales Executive,2.0,6214.0,3415.0,1.0,No,18.0,3.0,1.0,8.0,3.0,8.0,7.0,0.0
37,No,1192.0,Research & Development,5.0,4.0,61.0,3.0,2.0,Manufacturing Director,4.0,6347.0,23177.0,7.0,No,16.0,3.0,3.0,8.0,2.0,6.0,2.0,0.0
38,No,343.0,Research & Development,15.0,3.0,92.0,2.0,3.0,Research Director,4.0,11510.0,15682.0,0.0,Yes,14.0,3.0,2.0,12.0,3.0,11.0,10.0,2.0
31,No,1232.0,Research & Development,7.0,3.0,39.0,3.0,3.0,Manufacturing Director,4.0,7143.0,25713.0,1.0,Yes,14.0,3.0,3.0,11.0,2.0,11.0,9.0,4.0
29,No,144.0,Sales,10.0,4.0,39.0,2.0,2.0,Sales Executive,2.0,8268.0,11866.0,1.0,Yes,14.0,3.0,1.0,7.0,3.0,7.0,7.0,1.0
35,No,1296.0,Research & Development,5.0,3.0,62.0,3.0,3.0,Manufacturing Director,2.0,8095.0,18264.0,0.0,No,13.0,3.0,4.0,17.0,3.0,16.0,6.0,0.0
23,No,1309.0,Research & Development,26.0,3.0,83.0,3.0,1.0,Research Scientist,4.0,2904.0,16092.0,1.0,No,12.0,3.0,3.0,4.0,2.0,4.0,2.0,0.0
41,No,483.0,Research & Development,6.0,4.0,95.0,2.0,2.0,Manufacturing Director,2.0,6032.0,10110.0,6.0,Yes,15.0,3.0,4.0,8.0,3.0,5.0,4.0,1.0
47,No,1309.0,Sales,4.0,2.0,99.0,3.0,2.0,Sales Representative,3.0,2976.0,25751.0,3.0,No,19.0,3.0,1.0,5.0,3.0,0.0,0.0,0.0
42,No,810.0,Research & Development,23.0,1.0,44.0,3.0,4.0,Research Director,4.0,15992.0,15901.0,2.0,No,14.0,3.0,2.0,16.0,3.0,1.0,0.0,0.0
29,No,746.0,Sales,2.0,4.0,61.0,3.0,2.0,Sales Executive,3.0,4649.0,16928.0,1.0,No,14.0,3.0,1.0,4.0,2.0,4.0,3.0,0.0
42,No,544.0,Human Resources,2.0,3.0,52.0,3.0,1.0,Human Resources,3.0,2696.0,24017.0,0.0,Yes,11.0,3.0,3.0,4.0,3.0,3.0,2.0,1.0
32,No,1062.0,Research & Development,2.0,3.0,75.0,3.0,1.0,Laboratory Technician,2.0,2370.0,3956.0,1.0,No,13.0,3.0,3.0,8.0,3.0,8.0,0.0,0.0
48,No,530.0,Sales,29.0,1.0,91.0,3.0,3.0,Manager,3.0,12504.0,23978.0,3.0,No,21.0,4.0,2.0,15.0,1.0,0.0,0.0,0.0
37,No,1319.0,Research & Development,6.0,3.0,51.0,4.0,2.0,Research Scientist,1.0,5974.0,17001.0,4.0,Yes,13.0,3.0,1.0,13.0,3.0,7.0,7.0,6.0
30,No,641.0,Sales,25.0,4.0,85.0,3.0,2.0,Sales Executive,3.0,4736.0,6069.0,7.0,Yes,12.0,3.0,2.0,4.0,4.0,2.0,2.0,2.0
26,No,933.0,Sales,1.0,3.0,57.0,3.0,2.0,Sales Executive,3.0,5296.0,20156.0,1.0,No,17.0,3.0,2.0,8.0,3.0,8.0,7.0,7.0
42,No,1332.0,Research & Development,2.0,1.0,98.0,2.0,2.0,Healthcare Representative,4.0,6781.0,17078.0,3.0,No,23.0,4.0,2.0,14.0,3.0,1.0,0.0,0.0
21,Yes,756.0,Sales,1.0,1.0,99.0,2.0,1.0,Sales Representative,2.0,2174.0,9150.0,1.0,Yes,11.0,3.0,3.0,3.0,3.0,3.0,2.0,1.0
36,No,845.0,Sales,1.0,4.0,45.0,3.0,2.0,Sales Executive,4.0,6653.0,15276.0,4.0,No,15.0,3.0,2.0,7.0,3.0,1.0,0.0,0.0
36,No,541.0,Sales,3.0,1.0,48.0,2.0,3.0,Sales Executive,4.0,9699.0,7246.0,4.0,No,11.0,3.0,1.0,16.0,3.0,13.0,9.0,1.0
57,No,593.0,Research & Development,1.0,4.0,88.0,3.0,2.0,Healthcare Representative,3.0,6755.0,2967.0,2.0,No,11.0,3.0,3.0,15.0,3.0,3.0,2.0,1.0
40,No,1171.0,Research & Development,10.0,4.0,46.0,4.0,1.0,Laboratory Technician,3.0,2213.0,22495.0,3.0,Yes,13.0,3.0,3.0,10.0,3.0,7.0,7.0,1.0
21,No,895.0,Sales,9.0,1.0,39.0,3.0,1.0,Sales Representative,4.0,2610.0,2851.0,1.0,No,24.0,4.0,3.0,3.0,2.0,3.0,2.0,2.0
33,Yes,350.0,Sales,5.0,4.0,34.0,3.0,1.0,Sales Representative,3.0,2851.0,9150.0,1.0,Yes,13.0,3.0,2.0,1.0,3.0,1.0,0.0,0.0
37,No,921.0,Research & Development,10.0,3.0,98.0,3.0,1.0,Laboratory Technician,1.0,3452.0,17663.0,6.0,No,20.0,4.0,2.0,17.0,3.0,5.0,4.0,0.0
46,No,1144.0,Research & Development,7.0,3.0,30.0,3.0,2.0,Manufacturing Director,3.0,5258.0,16044.0,2.0,No,14.0,3.0,3.0,7.0,4.0,1.0,0.0,0.0
41,Yes,143.0,Sales,4.0,1.0,56.0,3.0,2.0,Sales Executive,2.0,9355.0,9558.0,1.0,No,18.0,3.0,3.0,8.0,3.0,8.0,7.0,7.0
50,No,1046.0,Research & Development,10.0,4.0,100.0,2.0,3.0,Healthcare Representative,4.0,10496.0,2755.0,6.0,No,15.0,3.0,4.0,20.0,3.0,4.0,3.0,1.0
40,Yes,575.0,Sales,22.0,3.0,68.0,2.0,2.0,Sales Executive,3.0,6380.0,6110.0,2.0,Yes,12.0,3.0,1.0,8.0,3.0,6.0,4.0,1.0
31,No,408.0,Research & Development,9.0,3.0,42.0,2.0,1.0,Research Scientist,2.0,2657.0,7551.0,0.0,Yes,16.0,3.0,4.0,3.0,3.0,2.0,2.0,2.0
21,Yes,156.0,Sales,12.0,3.0,90.0,4.0,1.0,Sales Representative,2.0,2716.0,25422.0,1.0,No,15.0,3.0,4.0,1.0,3.0,1.0,0.0,0.0
29,No,1283.0,Research & Development,23.0,4.0,54.0,3.0,1.0,Research Scientist,4.0,2201.0,18168.0,9.0,No,16.0,3.0,4.0,6.0,3.0,3.0,2.0,1.0
35,No,755.0,Research & Development,9.0,3.0,97.0,2.0,2.0,Healthcare Representative,2.0,6540.0,19394.0,9.0,No,19.0,3.0,3.0,10.0,3.0,1.0,1.0,0.0
27,No,1469.0,Research & Development,1.0,4.0,82.0,3.0,1.0,Laboratory Technician,2.0,3816.0,17881.0,1.0,No,11.0,3.0,2.0,5.0,3.0,5.0,2.0,0.0
28,No,304.0,Sales,9.0,2.0,92.0,3.0,2.0,Sales Executive,4.0,5253.0,20750.0,1.0,No,16.0,3.0,4.0,7.0,3.0,7.0,5.0,0.0
49,No,1261.0,Research & Development,7.0,2.0,31.0,2.0,3.0,Healthcare Representative,3.0,10965.0,12066.0,8.0,No,24.0,4.0,3.0,26.0,3.0,5.0,2.0,0.0
51,No,1178.0,Sales,14.0,3.0,87.0,3.0,2.0,Sales Executive,4.0,4936.0,14862.0,4.0,No,11.0,3.0,3.0,18.0,2.0,7.0,7.0,0.0
36,No,329.0,Research & Development,2.0,4.0,96.0,3.0,1.0,Research Scientist,3.0,2543.0,11868.0,4.0,No,13.0,3.0,2.0,6.0,3.0,2.0,2.0,2.0
34,Yes,1362.0,Sales,19.0,1.0,67.0,4.0,2.0,Sales Executive,4.0,5304.0,4652.0,8.0,Yes,13.0,3.0,2.0,9.0,2.0,5.0,2.0,0.0
55,No,1311.0,Research & Development,2.0,3.0,97.0,3.0,4.0,Manager,4.0,16659.0,23258.0,2.0,Yes,13.0,3.0,3.0,30.0,3.0,5.0,4.0,1.0
24,No,1371.0,Sales,10.0,4.0,77.0,3.0,2.0,Sales Executive,3.0,4260.0,5915.0,1.0,Yes,12.0,3.0,4.0,5.0,4.0,5.0,2.0,0.0
30,No,202.0,Sales,2.0,3.0,72.0,3.0,1.0,Sales Representative,2.0,2476.0,17434.0,1.0,No,18.0,3.0,1.0,1.0,3.0,1.0,0.0,0.0
26,Yes,575.0,Research & Development,3.0,3.0,73.0,3.0,1.0,Research Scientist,1.0,3102.0,6582.0,0.0,No,22.0,4.0,3.0,7.0,3.0,6.0,4.0,0.0
22,No,253.0,Research & Development,11.0,1.0,43.0,3.0,1.0,Research Scientist,2.0,2244.0,24440.0,1.0,No,13.0,3.0,4.0,2.0,3.0,2.0,1.0,1.0
36,No,164.0,Sales,2.0,2.0,61.0,2.0,3.0,Sales Executive,3.0,7596.0,3809.0,1.0,No,13.0,3.0,2.0,10.0,3.0,10.0,9.0,9.0
30,Yes,464.0,Research & Development,4.0,3.0,40.0,3.0,1.0,Research Scientist,4.0,2285.0,3427.0,9.0,Yes,23.0,4.0,3.0,3.0,3.0,1.0,0.0,0.0
37,No,1107.0,Research & Development,14.0,4.0,95.0,3.0,1.0,Laboratory Technician,1.0,3034.0,26914.0,1.0,No,12.0,3.0,3.0,18.0,2.0,18.0,7.0,12.0
40,No,759.0,Sales,2.0,4.0,46.0,3.0,2.0,Sales Executive,2.0,5715.0,22553.0,7.0,No,12.0,3.0,3.0,8.0,3.0,5.0,4.0,1.0
42,No,201.0,Research & Development,1.0,2.0,95.0,3.0,1.0,Laboratory Technician,1.0,2576.0,20490.0,3.0,No,16.0,3.0,2.0,8.0,3.0,5.0,2.0,1.0
37,No,1305.0,Research & Development,10.0,3.0,49.0,3.0,2.0,Manufacturing Director,2.0,4197.0,21123.0,2.0,Yes,12.0,3.0,4.0,18.0,2.0,1.0,0.0,0.0
43,No,982.0,Research & Development,12.0,1.0,59.0,2.0,4.0,Research Director,2.0,14336.0,4345.0,1.0,No,11.0,3.0,3.0,25.0,3.0,25.0,10.0,3.0
40,No,555.0,Research & Development,2.0,2.0,78.0,2.0,2.0,Laboratory Technician,3.0,3448.0,13436.0,6.0,No,22.0,4.0,2.0,20.0,3.0,1.0,0.0,0.0
54,No,821.0,Research & Development,5.0,1.0,86.0,3.0,5.0,Research Director,1.0,19406.0,8509.0,4.0,No,11.0,3.0,3.0,24.0,2.0,4.0,2.0,1.0
34,No,1381.0,Sales,4.0,3.0,72.0,3.0,2.0,Sales Executive,3.0,6538.0,12740.0,9.0,No,15.0,3.0,1.0,6.0,3.0,3.0,2.0,1.0
31,No,480.0,Research & Development,7.0,2.0,31.0,3.0,2.0,Manufacturing Director,1.0,4306.0,4156.0,1.0,No,12.0,3.0,2.0,13.0,1.0,13.0,10.0,3.0
43,No,313.0,Research & Development,21.0,4.0,61.0,3.0,1.0,Laboratory Technician,4.0,2258.0,15238.0,7.0,No,20.0,4.0,1.0,8.0,3.0,3.0,2.0,1.0
43,No,1473.0,Research & Development,8.0,3.0,74.0,3.0,2.0,Healthcare Representative,3.0,4522.0,2227.0,4.0,Yes,14.0,3.0,4.0,8.0,3.0,5.0,2.0,0.0
25,No,891.0,Sales,4.0,2.0,99.0,2.0,2.0,Sales Executive,4.0,4487.0,12090.0,1.0,Yes,11.0,3.0,2.0,5.0,3.0,5.0,4.0,1.0
37,No,1063.0,Research & Development,25.0,2.0,72.0,3.0,2.0,Research Scientist,3.0,4449.0,23866.0,3.0,Yes,15.0,3.0,1.0,15.0,3.0,13.0,11.0,10.0
31,No,329.0,Research & Development,1.0,4.0,98.0,2.0,1.0,Laboratory Technician,1.0,2218.0,16193.0,1.0,No,12.0,3.0,3.0,4.0,3.0,4.0,2.0,3.0
39,No,1218.0,Research & Development,1.0,2.0,52.0,3.0,5.0,Manager,3.0,19197.0,8213.0,1.0,Yes,14.0,3.0,3.0,21.0,3.0,21.0,8.0,1.0
56,No,906.0,Sales,6.0,3.0,86.0,4.0,4.0,Sales Executive,1.0,13212.0,18256.0,9.0,No,11.0,3.0,4.0,36.0,2.0,7.0,7.0,7.0
30,No,1082.0,Sales,12.0,2.0,83.0,3.0,2.0,Sales Executive,3.0,6577.0,19558.0,0.0,No,11.0,3.0,2.0,6.0,3.0,5.0,4.0,4.0
41,No,645.0,Sales,1.0,2.0,49.0,4.0,3.0,Sales Executive,1.0,8392.0,19566.0,1.0,No,16.0,3.0,3.0,10.0,3.0,10.0,7.0,0.0
28,No,1300.0,Research & Development,17.0,3.0,79.0,3.0,2.0,Laboratory Technician,1.0,4558.0,13535.0,1.0,No,12.0,3.0,4.0,10.0,3.0,10.0,0.0,1.0
25,Yes,688.0,Research & Development,3.0,1.0,91.0,3.0,1.0,Laboratory Technician,1.0,4031.0,9396.0,5.0,No,13.0,3.0,3.0,6.0,3.0,2.0,2.0,0.0
52,No,319.0,Research & Development,3.0,4.0,39.0,2.0,3.0,Manufacturing Director,3.0,7969.0,19609.0,2.0,Yes,14.0,3.0,3.0,28.0,3.0,5.0,4.0,0.0
45,No,192.0,Research & Development,10.0,1.0,69.0,3.0,1.0,Research Scientist,4.0,2654.0,9655.0,3.0,No,21.0,4.0,4.0,8.0,2.0,2.0,2.0,0.0
52,No,1490.0,Research & Development,4.0,4.0,30.0,3.0,4.0,Manager,4.0,16555.0,10310.0,2.0,No,13.0,3.0,4.0,31.0,1.0,5.0,2.0,1.0
42,No,532.0,Research & Development,29.0,1.0,92.0,3.0,2.0,Research Scientist,3.0,4556.0,12932.0,2.0,No,11.0,3.0,2.0,19.0,3.0,5.0,4.0,0.0
30,No,317.0,Research & Development,2.0,3.0,43.0,1.0,2.0,Manufacturing Director,4.0,6091.0,24793.0,2.0,No,20.0,4.0,3.0,11.0,3.0,5.0,4.0,0.0
60,No,422.0,Research & Development,7.0,1.0,41.0,3.0,5.0,Manager,1.0,19566.0,3854.0,5.0,No,11.0,3.0,4.0,33.0,1.0,29.0,8.0,11.0
46,No,1485.0,Research & Development,18.0,3.0,87.0,3.0,2.0,Manufacturing Director,3.0,4810.0,26314.0,2.0,No,14.0,3.0,3.0,19.0,2.0,10.0,7.0,0.0
42,No,1368.0,Research & Development,28.0,4.0,88.0,2.0,2.0,Healthcare Representative,4.0,4523.0,4386.0,0.0,No,11.0,3.0,4.0,7.0,4.0,6.0,5.0,0.0
24,Yes,1448.0,Sales,1.0,1.0,62.0,3.0,1.0,Sales Representative,2.0,3202.0,21972.0,1.0,Yes,16.0,3.0,2.0,6.0,3.0,5.0,3.0,1.0
34,Yes,296.0,Sales,6.0,4.0,33.0,1.0,1.0,Sales Representative,3.0,2351.0,12253.0,0.0,No,16.0,3.0,4.0,3.0,2.0,2.0,2.0,1.0
38,No,1490.0,Research & Development,2.0,4.0,42.0,3.0,1.0,Laboratory Technician,4.0,1702.0,12106.0,1.0,Yes,23.0,4.0,3.0,1.0,3.0,1.0,0.0,0.0
40,No,1398.0,Sales,2.0,3.0,79.0,3.0,5.0,Manager,3.0,18041.0,13022.0,0.0,No,14.0,3.0,4.0,21.0,3.0,20.0,15.0,1.0
26,No,1349.0,Research & Development,23.0,1.0,90.0,3.0,1.0,Research Scientist,4.0,2886.0,3032.0,1.0,No,22.0,4.0,2.0,3.0,1.0,3.0,2.0,0.0
30,No,1400.0,Research & Development,3.0,3.0,53.0,3.0,1.0,Laboratory Technician,4.0,2097.0,16734.0,4.0,No,15.0,3.0,3.0,9.0,1.0,5.0,3.0,1.0
29,No,986.0,Research & Development,3.0,2.0,93.0,2.0,3.0,Research Director,3.0,11935.0,21526.0,1.0,No,18.0,3.0,3.0,10.0,3.0,10.0,2.0,0.0
29,Yes,408.0,Research & Development,25.0,3.0,71.0,2.0,1.0,Research Scientist,2.0,2546.0,18300.0,5.0,No,16.0,3.0,2.0,6.0,4.0,2.0,2.0,1.0
19,Yes,489.0,Human Resources,2.0,1.0,52.0,2.0,1.0,Human Resources,4.0,2564.0,18437.0,1.0,No,12.0,3.0,3.0,1.0,4.0,1.0,0.0,0.0
30,No,1398.0,Sales,22.0,3.0,69.0,3.0,3.0,Sales Executive,1.0,8412.0,2890.0,0.0,No,11.0,3.0,3.0,10.0,3.0,9.0,8.0,7.0
57,No,210.0,Sales,29.0,1.0,56.0,2.0,4.0,Manager,4.0,14118.0,22102.0,3.0,No,12.0,3.0,3.0,32.0,2.0,1.0,0.0,0.0
50,No,1099.0,Research & Development,29.0,2.0,88.0,2.0,4.0,Manager,3.0,17046.0,9314.0,0.0,No,15.0,3.0,2.0,28.0,3.0,27.0,10.0,15.0
30,No,1116.0,Research & Development,2.0,3.0,49.0,3.0,1.0,Laboratory Technician,4.0,2564.0,7181.0,0.0,No,14.0,3.0,3.0,12.0,2.0,11.0,7.0,6.0
60,No,1499.0,Sales,28.0,3.0,80.0,2.0,3.0,Sales Executive,1.0,10266.0,2845.0,4.0,No,19.0,3.0,4.0,22.0,4.0,18.0,13.0,13.0
47,No,983.0,Research & Development,2.0,1.0,65.0,3.0,2.0,Manufacturing Director,4.0,5070.0,7389.0,5.0,No,13.0,3.0,3.0,20.0,3.0,5.0,0.0,0.0
46,No,1009.0,Research & Development,2.0,1.0,51.0,3.0,4.0,Research Director,3.0,17861.0,2288.0,6.0,No,13.0,3.0,3.0,26.0,1.0,3.0,2.0,0.0
35,No,144.0,Research & Development,22.0,4.0,46.0,1.0,1.0,Laboratory Technician,3.0,4230.0,19225.0,0.0,No,15.0,3.0,3.0,6.0,3.0,5.0,4.0,4.0
54,No,548.0,Research & Development,8.0,3.0,42.0,3.0,2.0,Laboratory Technician,3.0,3780.0,23428.0,7.0,No,11.0,3.0,3.0,19.0,3.0,1.0,0.0,0.0
34,No,1303.0,Research & Development,2.0,4.0,62.0,2.0,1.0,Research Scientist,3.0,2768.0,8416.0,3.0,No,12.0,3.0,3.0,14.0,3.0,7.0,3.0,5.0
46,No,1125.0,Sales,10.0,3.0,94.0,2.0,3.0,Sales Executive,4.0,9071.0,11563.0,2.0,Yes,19.0,3.0,3.0,15.0,3.0,3.0,2.0,1.0
31,No,1274.0,Research & Development,9.0,3.0,33.0,3.0,3.0,Manufacturing Director,2.0,10648.0,14394.0,1.0,No,25.0,4.0,4.0,13.0,4.0,13.0,8.0,0.0
33,Yes,1277.0,Research & Development,15.0,2.0,56.0,3.0,3.0,Manager,3.0,13610.0,24619.0,7.0,Yes,12.0,3.0,4.0,15.0,4.0,7.0,6.0,7.0
33,Yes,587.0,Research & Development,10.0,1.0,38.0,1.0,1.0,Laboratory Technician,4.0,3408.0,6705.0,7.0,No,13.0,3.0,1.0,8.0,3.0,4.0,3.0,1.0
30,No,413.0,Sales,7.0,4.0,57.0,3.0,1.0,Sales Representative,2.0,2983.0,18398.0,0.0,No,14.0,3.0,1.0,4.0,3.0,3.0,2.0,1.0
35,No,1276.0,Research & Development,16.0,4.0,72.0,3.0,3.0,Healthcare Representative,3.0,7632.0,14295.0,4.0,Yes,12.0,3.0,3.0,10.0,3.0,8.0,7.0,0.0
31,Yes,534.0,Research & Development,20.0,1.0,66.0,3.0,3.0,Healthcare Representative,3.0,9824.0,22908.0,3.0,No,12.0,3.0,1.0,12.0,3.0,1.0,0.0,0.0
34,Yes,988.0,Human Resources,23.0,2.0,43.0,3.0,3.0,Human Resources,1.0,9950.0,11533.0,9.0,Yes,15.0,3.0,3.0,11.0,3.0,3.0,2.0,0.0
42,No,1474.0,Research & Development,5.0,2.0,97.0,3.0,1.0,Laboratory Technician,3.0,2093.0,9260.0,4.0,No,17.0,3.0,4.0,8.0,3.0,2.0,2.0,2.0
36,No,635.0,Sales,10.0,2.0,32.0,3.0,3.0,Sales Executive,4.0,9980.0,15318.0,1.0,No,14.0,3.0,4.0,10.0,2.0,10.0,3.0,9.0
22,Yes,1368.0,Research & Development,4.0,3.0,99.0,2.0,1.0,Laboratory Technician,3.0,3894.0,9129.0,5.0,No,16.0,3.0,3.0,4.0,3.0,2.0,2.0,1.0
48,No,163.0,Sales,2.0,2.0,37.0,3.0,2.0,Sales Executive,4.0,4051.0,19658.0,2.0,No,14.0,3.0,1.0,14.0,3.0,9.0,7.0,6.0
55,No,1117.0,Sales,18.0,1.0,83.0,3.0,4.0,Manager,2.0,16835.0,9873.0,3.0,No,23.0,4.0,4.0,37.0,3.0,10.0,9.0,7.0
41,No,267.0,Sales,10.0,4.0,56.0,3.0,2.0,Sales Executive,4.0,6230.0,13430.0,7.0,No,14.0,3.0,4.0,16.0,3.0,14.0,3.0,1.0
35,No,619.0,Sales,1.0,2.0,85.0,3.0,2.0,Sales Executive,3.0,4717.0,18659.0,9.0,No,11.0,3.0,3.0,15.0,3.0,11.0,9.0,6.0
40,No,302.0,Research & Development,6.0,2.0,75.0,3.0,4.0,Manufacturing Director,3.0,13237.0,20364.0,7.0,No,15.0,3.0,3.0,22.0,3.0,20.0,6.0,5.0
39,No,443.0,Research & Development,8.0,3.0,48.0,3.0,1.0,Laboratory Technician,3.0,3755.0,17872.0,1.0,No,11.0,3.0,1.0,8.0,3.0,8.0,3.0,0.0
31,No,828.0,Sales,2.0,2.0,77.0,3.0,2.0,Sales Executive,4.0,6582.0,8346.0,4.0,Yes,13.0,3.0,3.0,10.0,4.0,6.0,5.0,0.0
42,No,319.0,Research & Development,24.0,4.0,56.0,3.0,3.0,Manufacturing Director,1.0,7406.0,6950.0,1.0,Yes,21.0,4.0,4.0,10.0,2.0,10.0,9.0,5.0
45,No,561.0,Sales,2.0,4.0,61.0,3.0,2.0,Sales Executive,2.0,4805.0,16177.0,0.0,No,19.0,3.0,2.0,9.0,4.0,8.0,7.0,3.0
26,Yes,426.0,Human Resources,17.0,2.0,58.0,3.0,1.0,Human Resources,3.0,2741.0,22808.0,0.0,Yes,11.0,3.0,2.0,8.0,2.0,7.0,7.0,1.0
29,No,232.0,Research & Development,19.0,4.0,34.0,3.0,2.0,Manufacturing Director,4.0,4262.0,22645.0,4.0,No,12.0,3.0,2.0,8.0,4.0,3.0,2.0,1.0
33,No,922.0,Research & Development,1.0,1.0,95.0,4.0,4.0,Research Director,3.0,16184.0,22578.0,4.0,No,19.0,3.0,3.0,10.0,3.0,6.0,1.0,0.0
31,No,688.0,Sales,7.0,3.0,44.0,2.0,3.0,Manager,4.0,11557.0,25291.0,9.0,No,21.0,4.0,3.0,10.0,2.0,5.0,4.0,0.0
18,Yes,1306.0,Sales,5.0,2.0,69.0,3.0,1.0,Sales Representative,2.0,1878.0,8059.0,1.0,Yes,14.0,3.0,4.0,0.0,3.0,0.0,0.0,0.0
40,No,1094.0,Sales,28.0,3.0,58.0,1.0,3.0,Sales Executive,1.0,10932.0,11373.0,3.0,No,15.0,3.0,3.0,20.0,3.0,1.0,0.0,0.0
41,No,509.0,Research & Development,2.0,1.0,62.0,2.0,2.0,Healthcare Representative,3.0,6811.0,2112.0,2.0,Yes,17.0,3.0,1.0,10.0,3.0,8.0,7.0,0.0
26,No,775.0,Sales,29.0,1.0,45.0,3.0,2.0,Sales Executive,3.0,4306.0,4267.0,5.0,No,12.0,3.0,1.0,8.0,3.0,0.0,0.0,0.0
35,No,195.0,Sales,1.0,1.0,80.0,3.0,2.0,Sales Executive,3.0,4859.0,6698.0,1.0,No,16.0,3.0,4.0,5.0,3.0,5.0,4.0,0.0
34,No,258.0,Sales,21.0,4.0,74.0,4.0,2.0,Sales Executive,4.0,5337.0,19921.0,1.0,No,12.0,3.0,4.0,10.0,3.0,10.0,7.0,5.0
26,Yes,471.0,Research & Development,24.0,3.0,66.0,1.0,1.0,Laboratory Technician,4.0,2340.0,23213.0,1.0,Yes,18.0,3.0,2.0,1.0,1.0,1.0,0.0,0.0
37,No,799.0,Research & Development,1.0,2.0,59.0,3.0,3.0,Manufacturing Director,4.0,7491.0,23848.0,4.0,No,17.0,3.0,4.0,12.0,4.0,6.0,5.0,1.0
46,No,1034.0,Research & Development,18.0,1.0,86.0,3.0,3.0,Healthcare Representative,3.0,10527.0,8984.0,5.0,No,11.0,3.0,4.0,28.0,2.0,2.0,2.0,1.0
41,No,1276.0,Sales,2.0,2.0,91.0,3.0,4.0,Manager,1.0,16595.0,5626.0,7.0,No,16.0,3.0,2.0,22.0,3.0,18.0,16.0,11.0
37,No,142.0,Sales,9.0,1.0,69.0,3.0,3.0,Sales Executive,2.0,8834.0,24666.0,1.0,No,13.0,3.0,4.0,9.0,3.0,9.0,5.0,7.0
52,No,956.0,Research & Development,6.0,4.0,78.0,3.0,2.0,Research Scientist,1.0,5577.0,22087.0,3.0,Yes,12.0,3.0,2.0,18.0,3.0,10.0,9.0,6.0
32,Yes,1474.0,Sales,11.0,4.0,60.0,4.0,2.0,Sales Executive,3.0,4707.0,23914.0,8.0,No,12.0,3.0,4.0,6.0,3.0,4.0,2.0,1.0
24,No,535.0,Sales,24.0,4.0,38.0,3.0,1.0,Sales Representative,4.0,2400.0,5530.0,0.0,No,13.0,3.0,3.0,3.0,3.0,2.0,2.0,2.0
38,No,1495.0,Research & Development,10.0,3.0,76.0,3.0,2.0,Healthcare Representative,3.0,9824.0,22174.0,3.0,No,19.0,3.0,3.0,18.0,3.0,1.0,0.0,0.0
37,No,446.0,Research & Development,1.0,2.0,65.0,3.0,2.0,Manufacturing Director,2.0,6447.0,15701.0,6.0,No,12.0,3.0,2.0,8.0,2.0,6.0,5.0,4.0
49,No,1245.0,Research & Development,18.0,4.0,58.0,2.0,5.0,Research Director,3.0,19502.0,2125.0,1.0,Yes,17.0,3.0,3.0,31.0,3.0,31.0,9.0,0.0
24,No,691.0,Research & Development,23.0,2.0,89.0,4.0,1.0,Research Scientist,4.0,2725.0,21630.0,1.0,Yes,11.0,3.0,2.0,6.0,3.0,6.0,5.0,1.0
26,No,703.0,Sales,28.0,1.0,66.0,3.0,2.0,Sales Executive,2.0,6272.0,7428.0,1.0,No,20.0,4.0,4.0,6.0,4.0,5.0,3.0,1.0
24,No,823.0,Research & Development,17.0,4.0,94.0,2.0,1.0,Laboratory Technician,2.0,2127.0,9100.0,1.0,No,21.0,4.0,4.0,1.0,3.0,1.0,0.0,0.0
50,No,1246.0,Human Resources,3.0,1.0,99.0,3.0,5.0,Manager,2.0,18200.0,7999.0,1.0,No,11.0,3.0,3.0,32.0,3.0,32.0,5.0,10.0
25,No,622.0,Sales,13.0,2.0,40.0,3.0,1.0,Sales Representative,3.0,2096.0,26376.0,1.0,No,11.0,3.0,3.0,7.0,3.0,7.0,4.0,0.0
24,Yes,1287.0,Research & Development,7.0,1.0,55.0,3.0,1.0,Laboratory Technician,3.0,2886.0,14168.0,1.0,Yes,16.0,3.0,4.0,6.0,3.0,6.0,3.0,1.0
30,Yes,448.0,Sales,12.0,2.0,74.0,2.0,1.0,Sales Representative,1.0,2033.0,14470.0,1.0,No,18.0,3.0,3.0,1.0,4.0,1.0,0.0,0.0
34,No,254.0,Research & Development,1.0,2.0,83.0,2.0,1.0,Research Scientist,4.0,3622.0,22794.0,1.0,Yes,13.0,3.0,4.0,6.0,3.0,6.0,5.0,1.0
31,Yes,1365.0,Sales,13.0,2.0,46.0,3.0,2.0,Sales Executive,1.0,4233.0,11512.0,2.0,No,17.0,3.0,3.0,9.0,1.0,3.0,1.0,1.0
35,No,538.0,Research & Development,25.0,1.0,54.0,2.0,2.0,Laboratory Technician,4.0,3681.0,14004.0,4.0,No,14.0,3.0,4.0,9.0,3.0,3.0,2.0,0.0
31,No,525.0,Sales,6.0,1.0,66.0,4.0,2.0,Sales Executive,4.0,5460.0,6219.0,4.0,No,22.0,4.0,4.0,13.0,4.0,7.0,7.0,5.0
27,No,798.0,Research & Development,6.0,1.0,66.0,2.0,1.0,Research Scientist,3.0,2187.0,5013.0,0.0,No,12.0,3.0,3.0,6.0,2.0,5.0,3.0,0.0
37,No,558.0,Sales,2.0,4.0,75.0,3.0,2.0,Sales Executive,3.0,9602.0,3010.0,4.0,Yes,11.0,3.0,3.0,17.0,2.0,3.0,0.0,1.0
20,No,959.0,Research & Development,1.0,4.0,83.0,2.0,1.0,Research Scientist,2.0,2836.0,11757.0,1.0,No,13.0,3.0,4.0,1.0,4.0,1.0,0.0,0.0
42,No,622.0,Research & Development,2.0,3.0,81.0,3.0,2.0,Healthcare Representative,4.0,4089.0,5718.0,1.0,No,13.0,3.0,2.0,10.0,3.0,10.0,2.0,2.0
43,No,782.0,Research & Development,6.0,2.0,50.0,2.0,4.0,Research Director,4.0,16627.0,2671.0,4.0,Yes,14.0,3.0,3.0,21.0,2.0,1.0,0.0,0.0
38,No,362.0,Research & Development,1.0,3.0,43.0,3.0,1.0,Research Scientist,1.0,2619.0,14561.0,3.0,No,17.0,3.0,4.0,8.0,2.0,0.0,0.0,0.0
43,No,1001.0,Research & Development,9.0,4.0,72.0,3.0,2.0,Laboratory Technician,3.0,5679.0,19627.0,3.0,Yes,13.0,3.0,2.0,10.0,3.0,8.0,7.0,4.0
48,No,1236.0,Research & Development,1.0,4.0,40.0,2.0,4.0,Manager,1.0,15402.0,17997.0,7.0,No,11.0,3.0,1.0,21.0,1.0,3.0,2.0,0.0
44,No,1112.0,Human Resources,1.0,1.0,50.0,2.0,2.0,Human Resources,3.0,5985.0,26894.0,4.0,No,11.0,3.0,2.0,10.0,4.0,2.0,2.0,0.0
34,No,204.0,Sales,14.0,3.0,31.0,3.0,1.0,Sales Representative,3.0,2579.0,2912.0,1.0,Yes,18.0,3.0,4.0,8.0,3.0,8.0,2.0,0.0
27,Yes,1420.0,Sales,2.0,3.0,85.0,3.0,1.0,Sales Representative,1.0,3041.0,16346.0,0.0,No,11.0,3.0,2.0,5.0,3.0,4.0,3.0,0.0
21,No,1343.0,Sales,22.0,3.0,49.0,3.0,1.0,Sales Representative,3.0,3447.0,24444.0,1.0,No,11.0,3.0,3.0,3.0,3.0,3.0,2.0,1.0
44,No,1315.0,Research & Development,3.0,4.0,35.0,3.0,5.0,Manager,4.0,19513.0,9358.0,4.0,Yes,12.0,3.0,1.0,26.0,4.0,2.0,2.0,0.0
22,No,604.0,Research & Development,6.0,1.0,69.0,3.0,1.0,Research Scientist,3.0,2773.0,12145.0,0.0,No,20.0,4.0,4.0,3.0,3.0,2.0,2.0,2.0
33,No,1216.0,Sales,8.0,3.0,39.0,3.0,2.0,Sales Executive,3.0,7104.0,20431.0,0.0,No,12.0,3.0,4.0,6.0,3.0,5.0,0.0,1.0
32,No,646.0,Research & Development,9.0,1.0,92.0,3.0,2.0,Research Scientist,4.0,6322.0,18089.0,1.0,Yes,12.0,3.0,4.0,6.0,2.0,6.0,4.0,0.0
30,No,160.0,Research & Development,3.0,3.0,71.0,3.0,1.0,Research Scientist,3.0,2083.0,22653.0,1.0,No,20.0,4.0,3.0,1.0,3.0,1.0,0.0,0.0
53,No,238.0,Sales,1.0,4.0,34.0,3.0,2.0,Sales Executive,1.0,8381.0,7507.0,7.0,No,20.0,4.0,4.0,18.0,4.0,14.0,7.0,8.0
34,No,1397.0,Research & Development,1.0,2.0,42.0,3.0,1.0,Research Scientist,4.0,2691.0,7660.0,1.0,No,12.0,3.0,4.0,10.0,2.0,10.0,9.0,8.0
45,Yes,306.0,Sales,26.0,1.0,100.0,3.0,2.0,Sales Executive,1.0,4286.0,5630.0,2.0,No,14.0,3.0,4.0,5.0,3.0,1.0,1.0,0.0
26,No,991.0,Research & Development,6.0,3.0,71.0,3.0,1.0,Laboratory Technician,4.0,2659.0,17759.0,1.0,Yes,13.0,3.0,3.0,3.0,3.0,3.0,2.0,0.0
37,No,482.0,Research & Development,3.0,3.0,36.0,3.0,3.0,Manufacturing Director,3.0,9434.0,9606.0,1.0,No,15.0,3.0,3.0,10.0,3.0,10.0,7.0,7.0
29,No,1176.0,Sales,3.0,2.0,62.0,3.0,2.0,Sales Executive,3.0,5561.0,3487.0,1.0,No,14.0,3.0,1.0,6.0,2.0,6.0,0.0,1.0
35,No,1017.0,Research & Development,6.0,2.0,82.0,1.0,2.0,Research Scientist,4.0,6646.0,19368.0,1.0,No,13.0,3.0,2.0,17.0,3.0,17.0,11.0,11.0
33,No,1296.0,Research & Development,6.0,3.0,30.0,3.0,2.0,Healthcare Representative,4.0,7725.0,5335.0,3.0,No,23.0,4.0,3.0,15.0,1.0,13.0,11.0,4.0
54,No,397.0,Human Resources,19.0,3.0,88.0,3.0,3.0,Human Resources,2.0,10725.0,6729.0,2.0,No,15.0,3.0,3.0,16.0,4.0,9.0,7.0,7.0
36,No,913.0,Research & Development,9.0,2.0,48.0,2.0,2.0,Manufacturing Director,2.0,8847.0,13934.0,2.0,Yes,11.0,3.0,3.0,13.0,3.0,3.0,2.0,0.0
27,No,1115.0,Research & Development,3.0,1.0,54.0,2.0,1.0,Research Scientist,4.0,2045.0,15174.0,0.0,No,13.0,3.0,4.0,5.0,3.0,4.0,2.0,1.0
20,Yes,1362.0,Research & Development,10.0,4.0,32.0,3.0,1.0,Research Scientist,3.0,1009.0,26999.0,1.0,Yes,11.0,3.0,4.0,1.0,3.0,1.0,0.0,1.0
33,Yes,1076.0,Research & Development,3.0,1.0,70.0,3.0,1.0,Research Scientist,1.0,3348.0,3164.0,1.0,Yes,11.0,3.0,1.0,10.0,3.0,10.0,8.0,9.0
35,No,727.0,Research & Development,3.0,3.0,41.0,2.0,1.0,Laboratory Technician,3.0,1281.0,16900.0,1.0,No,18.0,3.0,3.0,1.0,3.0,1.0,0.0,0.0
23,No,885.0,Research & Development,4.0,1.0,58.0,4.0,1.0,Research Scientist,1.0,2819.0,8544.0,2.0,No,16.0,3.0,1.0,5.0,4.0,3.0,2.0,0.0
25,No,810.0,Sales,8.0,4.0,57.0,4.0,2.0,Sales Executive,2.0,4851.0,15678.0,0.0,No,22.0,4.0,3.0,4.0,3.0,3.0,2.0,1.0
38,No,243.0,Sales,7.0,4.0,46.0,2.0,2.0,Sales Executive,4.0,4028.0,7791.0,0.0,No,20.0,4.0,1.0,8.0,3.0,7.0,7.0,0.0
29,No,806.0,Research & Development,1.0,2.0,76.0,1.0,1.0,Research Scientist,4.0,2720.0,18959.0,1.0,No,18.0,3.0,4.0,10.0,3.0,10.0,7.0,2.0
48,No,817.0,Sales,2.0,2.0,56.0,4.0,2.0,Sales Executive,2.0,8120.0,18597.0,3.0,No,12.0,3.0,4.0,12.0,3.0,2.0,2.0,2.0
27,No,1410.0,Sales,3.0,4.0,71.0,4.0,2.0,Sales Executive,4.0,4647.0,16673.0,1.0,Yes,20.0,4.0,2.0,6.0,3.0,6.0,5.0,0.0
37,No,1225.0,Research & Development,10.0,4.0,80.0,4.0,1.0,Research Scientist,4.0,4680.0,15232.0,3.0,No,17.0,3.0,1.0,4.0,3.0,1.0,0.0,0.0
50,No,1207.0,Research & Development,28.0,4.0,74.0,4.0,1.0,Laboratory Technician,3.0,3221.0,3297.0,1.0,Yes,11.0,3.0,3.0,20.0,3.0,20.0,8.0,3.0
34,No,1442.0,Research & Development,9.0,4.0,46.0,2.0,3.0,Healthcare Representative,2.0,8621.0,17654.0,1.0,No,14.0,3.0,2.0,9.0,4.0,8.0,7.0,7.0
24,Yes,693.0,Sales,3.0,1.0,65.0,3.0,2.0,Sales Executive,3.0,4577.0,24785.0,9.0,No,14.0,3.0,1.0,4.0,3.0,2.0,2.0,2.0
39,No,408.0,Research & Development,2.0,4.0,80.0,2.0,2.0,Healthcare Representative,3.0,4553.0,20978.0,1.0,No,11.0,3.0,1.0,20.0,3.0,20.0,7.0,11.0
32,No,929.0,Sales,10.0,4.0,55.0,3.0,2.0,Sales Executive,4.0,5396.0,21703.0,1.0,No,12.0,3.0,4.0,10.0,2.0,10.0,7.0,0.0
50,Yes,562.0,Sales,8.0,2.0,50.0,3.0,2.0,Sales Executive,3.0,6796.0,23452.0,3.0,Yes,14.0,3.0,1.0,18.0,3.0,4.0,3.0,1.0
38,No,827.0,Research & Development,1.0,2.0,33.0,4.0,2.0,Healthcare Representative,4.0,7625.0,19383.0,0.0,No,13.0,3.0,3.0,10.0,2.0,9.0,7.0,1.0
27,No,608.0,Research & Development,1.0,3.0,68.0,3.0,3.0,Manufacturing Director,1.0,7412.0,6009.0,1.0,No,11.0,3.0,4.0,9.0,3.0,9.0,7.0,0.0
32,No,1018.0,Research & Development,3.0,3.0,39.0,3.0,3.0,Research Director,4.0,11159.0,19373.0,3.0,No,15.0,3.0,4.0,10.0,3.0,7.0,7.0,7.0
47,No,703.0,Sales,14.0,4.0,42.0,3.0,2.0,Sales Executive,1.0,4960.0,11825.0,2.0,No,12.0,3.0,4.0,20.0,3.0,7.0,7.0,1.0
40,No,580.0,Sales,5.0,4.0,48.0,2.0,3.0,Sales Executive,1.0,10475.0,23772.0,5.0,Yes,21.0,4.0,3.0,20.0,3.0,18.0,13.0,1.0
53,No,970.0,Research & Development,7.0,3.0,59.0,4.0,4.0,Research Director,3.0,14814.0,13514.0,3.0,No,19.0,3.0,3.0,32.0,3.0,5.0,1.0,1.0
41,No,427.0,Human Resources,10.0,2.0,73.0,2.0,5.0,Manager,4.0,19141.0,8861.0,3.0,No,15.0,3.0,2.0,23.0,2.0,21.0,6.0,12.0
60,No,1179.0,Sales,16.0,1.0,84.0,3.0,2.0,Sales Executive,1.0,5405.0,11924.0,8.0,No,14.0,3.0,4.0,10.0,3.0,2.0,2.0,2.0
27,No,294.0,Research & Development,10.0,4.0,32.0,3.0,3.0,Manufacturing Director,1.0,8793.0,4809.0,1.0,No,21.0,4.0,3.0,9.0,2.0,9.0,7.0,1.0
41,No,314.0,Human Resources,1.0,4.0,59.0,2.0,5.0,Manager,3.0,19189.0,19562.0,1.0,No,12.0,3.0,2.0,22.0,3.0,22.0,7.0,2.0
50,No,316.0,Sales,8.0,4.0,54.0,3.0,1.0,Sales Representative,2.0,3875.0,9983.0,7.0,No,15.0,3.0,4.0,4.0,3.0,2.0,2.0,2.0
28,Yes,654.0,Research & Development,1.0,1.0,67.0,1.0,1.0,Research Scientist,2.0,2216.0,3872.0,7.0,Yes,13.0,3.0,4.0,10.0,3.0,7.0,7.0,3.0
36,No,427.0,Research & Development,8.0,1.0,63.0,4.0,3.0,Research Director,1.0,11713.0,20335.0,9.0,No,14.0,3.0,1.0,10.0,3.0,8.0,7.0,0.0
38,No,168.0,Research & Development,1.0,3.0,81.0,3.0,3.0,Manufacturing Director,3.0,7861.0,15397.0,4.0,Yes,14.0,3.0,4.0,10.0,4.0,1.0,0.0,0.0
44,No,381.0,Research & Development,24.0,1.0,49.0,1.0,1.0,Laboratory Technician,3.0,3708.0,2104.0,2.0,No,14.0,3.0,3.0,9.0,3.0,5.0,2.0,1.0
47,No,217.0,Sales,3.0,4.0,49.0,3.0,4.0,Sales Executive,3.0,13770.0,10225.0,9.0,Yes,12.0,3.0,4.0,28.0,2.0,22.0,2.0,11.0
30,No,501.0,Sales,27.0,3.0,99.0,3.0,2.0,Sales Executive,4.0,5304.0,25275.0,7.0,No,23.0,4.0,4.0,10.0,2.0,8.0,7.0,7.0
29,No,1396.0,Sales,10.0,3.0,99.0,3.0,1.0,Sales Representative,3.0,2642.0,2755.0,1.0,No,11.0,3.0,3.0,1.0,3.0,1.0,0.0,0.0
42,Yes,933.0,Research & Development,19.0,3.0,57.0,4.0,1.0,Research Scientist,3.0,2759.0,20366.0,6.0,Yes,12.0,3.0,4.0,7.0,3.0,2.0,2.0,2.0
43,No,775.0,Sales,15.0,4.0,47.0,2.0,2.0,Sales Executive,4.0,6804.0,23683.0,3.0,No,18.0,3.0,3.0,7.0,3.0,2.0,2.0,2.0
34,No,970.0,Research & Development,8.0,2.0,96.0,3.0,2.0,Healthcare Representative,3.0,6142.0,7360.0,3.0,No,11.0,3.0,4.0,10.0,3.0,5.0,1.0,4.0
23,No,650.0,Research & Development,9.0,2.0,37.0,3.0,1.0,Laboratory Technician,1.0,2500.0,4344.0,1.0,No,14.0,3.0,4.0,5.0,4.0,4.0,3.0,0.0
39,No,141.0,Human Resources,3.0,3.0,44.0,4.0,2.0,Human Resources,2.0,6389.0,18767.0,9.0,No,15.0,3.0,3.0,12.0,1.0,8.0,3.0,3.0
56,No,832.0,Research & Development,9.0,3.0,81.0,3.0,4.0,Healthcare Representative,4.0,11103.0,20420.0,7.0,No,11.0,3.0,3.0,30.0,2.0,10.0,7.0,1.0
40,No,804.0,Research & Development,2.0,4.0,86.0,2.0,1.0,Research Scientist,4.0,2342.0,22929.0,0.0,Yes,20.0,4.0,4.0,5.0,2.0,4.0,2.0,2.0
27,No,975.0,Research & Development,7.0,4.0,55.0,2.0,2.0,Healthcare Representative,1.0,6811.0,23398.0,8.0,No,19.0,3.0,1.0,9.0,1.0,7.0,6.0,0.0
29,No,1090.0,Sales,10.0,4.0,83.0,3.0,1.0,Sales Representative,2.0,2297.0,17967.0,1.0,No,14.0,3.0,4.0,2.0,3.0,2.0,2.0,2.0
53,No,346.0,Research & Development,6.0,4.0,86.0,3.0,2.0,Laboratory Technician,4.0,2450.0,10919.0,2.0,No,17.0,3.0,4.0,19.0,3.0,2.0,2.0,2.0
35,No,1225.0,Research & Development,2.0,4.0,61.0,3.0,2.0,Healthcare Representative,1.0,5093.0,4761.0,2.0,No,11.0,3.0,1.0,16.0,4.0,1.0,0.0,0.0
32,No,430.0,Research & Development,24.0,1.0,80.0,3.0,2.0,Laboratory Technician,4.0,5309.0,21146.0,1.0,No,15.0,3.0,4.0,10.0,3.0,10.0,8.0,4.0
38,No,268.0,Research & Development,2.0,4.0,92.0,3.0,1.0,Research Scientist,3.0,3057.0,20471.0,6.0,Yes,13.0,3.0,2.0,6.0,1.0,1.0,0.0,0.0
34,No,167.0,Research & Development,8.0,2.0,32.0,3.0,2.0,Manufacturing Director,1.0,5121.0,4187.0,3.0,No,14.0,3.0,3.0,7.0,3.0,0.0,0.0,0.0
52,No,621.0,Sales,3.0,3.0,31.0,2.0,4.0,Manager,1.0,16856.0,10084.0,1.0,No,11.0,3.0,1.0,34.0,4.0,34.0,6.0,1.0
33,Yes,527.0,Research & Development,1.0,4.0,63.0,3.0,1.0,Research Scientist,4.0,2686.0,5207.0,1.0,Yes,13.0,3.0,3.0,10.0,2.0,10.0,9.0,7.0
25,No,883.0,Sales,26.0,3.0,32.0,3.0,2.0,Sales Executive,4.0,6180.0,22807.0,1.0,No,23.0,4.0,2.0,6.0,2.0,6.0,5.0,1.0
45,No,954.0,Sales,2.0,2.0,46.0,1.0,2.0,Sales Representative,3.0,6632.0,12388.0,0.0,No,13.0,3.0,1.0,9.0,3.0,8.0,7.0,3.0
23,No,310.0,Research & Development,10.0,1.0,79.0,4.0,1.0,Research Scientist,3.0,3505.0,19630.0,1.0,No,18.0,3.0,4.0,2.0,3.0,2.0,2.0,0.0
47,Yes,719.0,Sales,27.0,2.0,77.0,4.0,2.0,Sales Executive,3.0,6397.0,10339.0,4.0,Yes,12.0,3.0,4.0,8.0,3.0,5.0,4.0,1.0
34,No,304.0,Sales,2.0,4.0,60.0,3.0,2.0,Sales Executive,4.0,6274.0,18686.0,1.0,No,22.0,4.0,3.0,6.0,3.0,6.0,5.0,1.0
55,Yes,725.0,Research & Development,2.0,4.0,78.0,3.0,5.0,Manager,1.0,19859.0,21199.0,5.0,Yes,13.0,3.0,4.0,24.0,3.0,5.0,2.0,1.0
36,No,1434.0,Sales,8.0,1.0,76.0,2.0,3.0,Sales Executive,1.0,7587.0,14229.0,1.0,No,15.0,3.0,2.0,10.0,3.0,10.0,7.0,0.0
52,No,715.0,Research & Development,19.0,4.0,41.0,3.0,1.0,Research Scientist,4.0,4258.0,26589.0,0.0,No,18.0,3.0,1.0,5.0,3.0,4.0,3.0,1.0
26,No,575.0,Research & Development,1.0,1.0,71.0,1.0,1.0,Laboratory Technician,4.0,4364.0,5288.0,3.0,No,14.0,3.0,1.0,5.0,3.0,2.0,2.0,2.0
29,No,657.0,Research & Development,27.0,2.0,66.0,3.0,2.0,Healthcare Representative,3.0,4335.0,25549.0,4.0,No,12.0,3.0,1.0,11.0,2.0,8.0,7.0,1.0
26,Yes,1146.0,Sales,8.0,4.0,38.0,2.0,2.0,Sales Executive,1.0,5326.0,3064.0,6.0,No,17.0,3.0,3.0,6.0,2.0,4.0,3.0,1.0
34,No,182.0,Research & Development,1.0,2.0,72.0,4.0,1.0,Research Scientist,4.0,3280.0,13551.0,2.0,No,16.0,3.0,3.0,10.0,3.0,4.0,2.0,1.0
54,No,376.0,Research & Development,19.0,4.0,95.0,3.0,2.0,Manufacturing Director,1.0,5485.0,22670.0,9.0,Yes,11.0,3.0,2.0,9.0,3.0,5.0,3.0,1.0
27,No,829.0,Sales,8.0,3.0,84.0,3.0,2.0,Sales Executive,4.0,4342.0,24008.0,0.0,No,19.0,3.0,2.0,5.0,3.0,4.0,2.0,1.0
37,No,571.0,Research & Development,10.0,4.0,82.0,3.0,1.0,Research Scientist,1.0,2782.0,19905.0,0.0,Yes,13.0,3.0,2.0,6.0,2.0,5.0,3.0,4.0
38,No,240.0,Research & Development,2.0,1.0,75.0,4.0,2.0,Manufacturing Director,1.0,5980.0,26085.0,6.0,Yes,12.0,3.0,4.0,17.0,3.0,15.0,7.0,4.0
34,No,121.0,Research & Development,2.0,3.0,86.0,2.0,1.0,Research Scientist,1.0,4381.0,7530.0,1.0,No,11.0,3.0,3.0,6.0,3.0,6.0,5.0,1.0
35,No,384.0,Sales,8.0,1.0,72.0,3.0,1.0,Sales Representative,4.0,2572.0,20317.0,1.0,No,16.0,3.0,2.0,3.0,2.0,3.0,2.0,0.0
30,No,921.0,Research & Development,1.0,4.0,38.0,1.0,1.0,Laboratory Technician,3.0,3833.0,24375.0,3.0,No,21.0,4.0,3.0,7.0,3.0,2.0,2.0,0.0
40,No,791.0,Research & Development,2.0,3.0,38.0,4.0,2.0,Healthcare Representative,2.0,4244.0,9931.0,1.0,No,24.0,4.0,4.0,8.0,3.0,8.0,7.0,3.0
34,No,1111.0,Sales,8.0,3.0,93.0,3.0,2.0,Sales Executive,1.0,6500.0,13305.0,5.0,No,17.0,3.0,2.0,6.0,3.0,3.0,2.0,1.0
42,No,570.0,Research & Development,8.0,2.0,66.0,3.0,5.0,Manager,4.0,18430.0,16225.0,1.0,No,13.0,3.0,2.0,24.0,2.0,24.0,7.0,14.0
23,Yes,1243.0,Research & Development,6.0,3.0,63.0,4.0,1.0,Laboratory Technician,1.0,1601.0,3445.0,1.0,Yes,21.0,4.0,3.0,1.0,3.0,0.0,0.0,0.0
24,No,1092.0,Research & Development,9.0,3.0,60.0,2.0,1.0,Laboratory Technician,2.0,2694.0,26551.0,1.0,No,11.0,3.0,3.0,1.0,3.0,1.0,0.0,0.0
52,No,1325.0,Research & Development,11.0,4.0,82.0,3.0,2.0,Laboratory Technician,3.0,3149.0,21821.0,8.0,No,20.0,4.0,2.0,9.0,3.0,5.0,2.0,1.0
50,No,691.0,Research & Development,2.0,3.0,64.0,3.0,4.0,Research Director,3.0,17639.0,6881.0,5.0,No,16.0,3.0,4.0,30.0,3.0,4.0,3.0,0.0
29,Yes,805.0,Research & Development,1.0,2.0,36.0,2.0,1.0,Laboratory Technician,1.0,2319.0,6689.0,1.0,Yes,11.0,3.0,4.0,1.0,3.0,1.0,0.0,0.0
33,No,213.0,Research & Development,7.0,3.0,49.0,3.0,3.0,Research Director,3.0,11691.0,25995.0,0.0,No,11.0,3.0,4.0,14.0,4.0,13.0,9.0,3.0
33,Yes,118.0,Sales,16.0,1.0,69.0,3.0,2.0,Sales Executive,1.0,5324.0,26507.0,5.0,No,15.0,3.0,3.0,6.0,3.0,3.0,2.0,0.0
47,No,202.0,Research & Development,2.0,3.0,33.0,3.0,4.0,Manager,4.0,16752.0,12982.0,1.0,Yes,11.0,3.0,3.0,26.0,2.0,26.0,14.0,3.0
36,No,676.0,Research & Development,1.0,3.0,35.0,3.0,2.0,Manufacturing Director,2.0,5228.0,23361.0,0.0,No,15.0,3.0,1.0,10.0,3.0,9.0,7.0,0.0
29,No,1252.0,Research & Development,23.0,3.0,81.0,4.0,1.0,Research Scientist,3.0,2700.0,23779.0,1.0,No,24.0,4.0,3.0,10.0,3.0,10.0,7.0,0.0
58,Yes,286.0,Research & Development,2.0,4.0,31.0,3.0,5.0,Research Director,2.0,19246.0,25761.0,7.0,Yes,12.0,3.0,4.0,40.0,3.0,31.0,15.0,13.0
35,No,1258.0,Research & Development,1.0,4.0,40.0,4.0,1.0,Research Scientist,3.0,2506.0,13301.0,3.0,No,13.0,3.0,3.0,7.0,3.0,2.0,2.0,2.0
42,No,932.0,Research & Development,1.0,4.0,43.0,2.0,2.0,Manufacturing Director,4.0,6062.0,4051.0,9.0,Yes,13.0,3.0,4.0,8.0,3.0,4.0,3.0,0.0
28,Yes,890.0,Research & Development,2.0,3.0,46.0,3.0,1.0,Research Scientist,3.0,4382.0,16374.0,6.0,No,17.0,3.0,4.0,5.0,2.0,2.0,2.0,2.0
36,No,1041.0,Human Resources,13.0,3.0,36.0,3.0,1.0,Human Resources,2.0,2143.0,25527.0,4.0,No,13.0,3.0,2.0,8.0,3.0,5.0,2.0,0.0
32,No,859.0,Research & Development,4.0,3.0,98.0,2.0,2.0,Manufacturing Director,3.0,6162.0,19124.0,1.0,No,12.0,3.0,3.0,14.0,3.0,14.0,13.0,6.0
40,No,720.0,Research & Development,16.0,1.0,51.0,2.0,2.0,Laboratory Technician,3.0,5094.0,11983.0,6.0,No,14.0,3.0,4.0,10.0,3.0,1.0,0.0,0.0
30,No,946.0,Research & Development,2.0,3.0,52.0,2.0,2.0,Manufacturing Director,4.0,6877.0,20234.0,5.0,Yes,24.0,4.0,2.0,12.0,2.0,0.0,0.0,0.0
45,No,252.0,Research & Development,2.0,2.0,95.0,2.0,1.0,Research Scientist,3.0,2274.0,6153.0,1.0,No,14.0,3.0,4.0,1.0,3.0,1.0,0.0,0.0
42,No,933.0,Research & Development,29.0,2.0,98.0,3.0,2.0,Manufacturing Director,2.0,4434.0,11806.0,1.0,No,13.0,3.0,4.0,10.0,2.0,9.0,8.0,7.0
38,No,471.0,Research & Development,12.0,1.0,45.0,2.0,2.0,Healthcare Representative,1.0,6288.0,4284.0,2.0,No,15.0,3.0,3.0,13.0,2.0,4.0,3.0,1.0
34,No,702.0,Research & Development,16.0,3.0,100.0,2.0,1.0,Research Scientist,4.0,2553.0,8306.0,1.0,No,16.0,3.0,3.0,6.0,3.0,5.0,2.0,1.0
49,Yes,1184.0,Sales,11.0,3.0,43.0,3.0,3.0,Sales Executive,4.0,7654.0,5860.0,1.0,No,18.0,3.0,1.0,9.0,4.0,9.0,8.0,7.0
55,Yes,436.0,Sales,2.0,3.0,37.0,3.0,2.0,Sales Executive,4.0,5160.0,21519.0,4.0,No,16.0,3.0,3.0,12.0,2.0,9.0,7.0,7.0
43,No,589.0,Research & Development,14.0,2.0,94.0,3.0,4.0,Research Director,1.0,17159.0,5200.0,6.0,No,24.0,4.0,3.0,22.0,3.0,4.0,1.0,1.0
27,No,269.0,Research & Development,5.0,3.0,42.0,2.0,3.0,Research Director,4.0,12808.0,8842.0,1.0,Yes,16.0,3.0,2.0,9.0,3.0,9.0,8.0,0.0
35,No,950.0,Research & Development,7.0,3.0,59.0,3.0,3.0,Manufacturing Director,3.0,10221.0,18869.0,3.0,No,21.0,4.0,2.0,17.0,4.0,8.0,5.0,1.0
28,No,760.0,Sales,2.0,2.0,81.0,3.0,2.0,Sales Executive,2.0,4779.0,3698.0,1.0,Yes,20.0,4.0,1.0,8.0,3.0,8.0,7.0,7.0
34,No,829.0,Human Resources,3.0,3.0,88.0,3.0,1.0,Human Resources,4.0,3737.0,2243.0,0.0,No,19.0,3.0,3.0,4.0,1.0,3.0,2.0,0.0
26,Yes,887.0,Research & Development,5.0,3.0,88.0,2.0,1.0,Research Scientist,3.0,2366.0,20898.0,1.0,Yes,14.0,3.0,1.0,8.0,3.0,8.0,7.0,1.0
27,No,443.0,Research & Development,3.0,4.0,50.0,3.0,1.0,Research Scientist,4.0,1706.0,16571.0,1.0,No,11.0,3.0,3.0,0.0,2.0,0.0,0.0,0.0
51,No,1318.0,Sales,26.0,1.0,66.0,3.0,4.0,Manager,3.0,16307.0,5594.0,2.0,No,14.0,3.0,3.0,29.0,2.0,20.0,6.0,4.0
44,No,625.0,Research & Development,4.0,4.0,50.0,3.0,2.0,Healthcare Representative,2.0,5933.0,5197.0,9.0,No,12.0,3.0,4.0,10.0,2.0,5.0,2.0,2.0
25,No,180.0,Research & Development,2.0,1.0,65.0,4.0,1.0,Research Scientist,1.0,3424.0,21632.0,7.0,No,13.0,3.0,3.0,6.0,2.0,4.0,3.0,0.0
33,No,586.0,Sales,1.0,1.0,48.0,4.0,2.0,Sales Executive,1.0,4037.0,21816.0,1.0,No,22.0,4.0,1.0,9.0,3.0,9.0,8.0,0.0
35,No,1343.0,Research & Development,27.0,3.0,53.0,2.0,1.0,Research Scientist,1.0,2559.0,17852.0,1.0,No,11.0,3.0,4.0,6.0,2.0,6.0,5.0,1.0
36,No,928.0,Sales,1.0,2.0,56.0,3.0,2.0,Sales Executive,4.0,6201.0,2823.0,1.0,Yes,14.0,3.0,4.0,18.0,2.0,18.0,14.0,4.0
32,No,117.0,Sales,13.0,2.0,73.0,3.0,2.0,Sales Executive,4.0,4403.0,9250.0,2.0,No,11.0,3.0,3.0,8.0,2.0,5.0,2.0,0.0
30,No,1012.0,Research & Development,5.0,2.0,75.0,2.0,1.0,Research Scientist,4.0,3761.0,2373.0,9.0,No,12.0,3.0,2.0,10.0,2.0,5.0,4.0,0.0
53,No,661.0,Sales,7.0,1.0,78.0,2.0,3.0,Sales Executive,4.0,10934.0,20715.0,7.0,Yes,18.0,3.0,4.0,35.0,3.0,5.0,2.0,0.0
45,No,930.0,Sales,9.0,4.0,74.0,3.0,3.0,Sales Executive,1.0,10761.0,19239.0,4.0,Yes,12.0,3.0,3.0,18.0,3.0,5.0,4.0,0.0
32,No,638.0,Research & Development,8.0,3.0,91.0,4.0,2.0,Research Scientist,3.0,5175.0,22162.0,5.0,No,12.0,3.0,3.0,9.0,2.0,5.0,3.0,1.0
52,No,890.0,Research & Development,25.0,3.0,81.0,2.0,4.0,Manufacturing Director,4.0,13826.0,19028.0,3.0,No,22.0,4.0,3.0,31.0,3.0,9.0,8.0,0.0
37,No,342.0,Sales,16.0,4.0,66.0,2.0,2.0,Sales Executive,3.0,6334.0,24558.0,4.0,No,19.0,3.0,4.0,9.0,3.0,1.0,0.0,0.0
28,No,1169.0,Human Resources,8.0,2.0,63.0,2.0,1.0,Human Resources,4.0,4936.0,23965.0,1.0,No,13.0,3.0,4.0,6.0,3.0,5.0,1.0,0.0
22,No,1230.0,Research & Development,1.0,4.0,33.0,2.0,2.0,Manufacturing Director,4.0,4775.0,19146.0,6.0,No,22.0,4.0,1.0,4.0,1.0,2.0,2.0,2.0
44,No,986.0,Research & Development,8.0,1.0,62.0,4.0,1.0,Laboratory Technician,4.0,2818.0,5044.0,2.0,Yes,24.0,4.0,3.0,10.0,2.0,3.0,2.0,0.0
42,No,1271.0,Research & Development,2.0,2.0,35.0,3.0,1.0,Research Scientist,4.0,2515.0,9068.0,5.0,Yes,14.0,3.0,4.0,8.0,3.0,2.0,1.0,2.0
36,No,1278.0,Human Resources,8.0,1.0,77.0,2.0,1.0,Human Resources,1.0,2342.0,8635.0,0.0,No,21.0,4.0,3.0,6.0,3.0,5.0,4.0,0.0
25,No,141.0,Sales,3.0,3.0,98.0,3.0,2.0,Sales Executive,1.0,4194.0,14363.0,1.0,Yes,18.0,3.0,4.0,5.0,3.0,5.0,3.0,0.0
35,No,607.0,Research & Development,9.0,4.0,66.0,2.0,3.0,Manufacturing Director,3.0,10685.0,23457.0,1.0,Yes,20.0,4.0,2.0,17.0,3.0,17.0,14.0,5.0
35,Yes,130.0,Research & Development,25.0,4.0,96.0,3.0,1.0,Research Scientist,2.0,2022.0,16612.0,1.0,Yes,19.0,3.0,1.0,10.0,2.0,10.0,2.0,7.0
32,No,300.0,Research & Development,1.0,4.0,61.0,3.0,1.0,Laboratory Technician,4.0,2314.0,9148.0,0.0,No,12.0,3.0,2.0,4.0,3.0,3.0,0.0,0.0
25,No,583.0,Sales,4.0,3.0,87.0,2.0,2.0,Sales Executive,1.0,4256.0,18154.0,1.0,No,12.0,3.0,1.0,5.0,4.0,5.0,2.0,0.0
49,No,1418.0,Research & Development,1.0,3.0,36.0,3.0,1.0,Research Scientist,1.0,3580.0,10554.0,2.0,No,16.0,3.0,2.0,7.0,3.0,4.0,2.0,0.0
24,No,1269.0,Research & Development,4.0,1.0,46.0,2.0,1.0,Laboratory Technician,4.0,3162.0,10778.0,0.0,No,17.0,3.0,4.0,6.0,2.0,5.0,2.0,3.0
32,No,379.0,Sales,5.0,2.0,48.0,3.0,2.0,Sales Executive,2.0,6524.0,8891.0,1.0,No,14.0,3.0,4.0,10.0,3.0,10.0,8.0,5.0
38,No,395.0,Sales,9.0,2.0,98.0,2.0,1.0,Sales Representative,2.0,2899.0,12102.0,0.0,No,19.0,3.0,4.0,3.0,3.0,2.0,2.0,1.0
42,No,1265.0,Research & Development,3.0,3.0,95.0,4.0,2.0,Laboratory Technician,4.0,5231.0,23726.0,2.0,Yes,13.0,3.0,2.0,17.0,2.0,5.0,3.0,1.0
31,No,1222.0,Research & Development,11.0,4.0,48.0,3.0,1.0,Research Scientist,4.0,2356.0,14871.0,3.0,Yes,19.0,3.0,2.0,8.0,3.0,6.0,4.0,0.0
29,Yes,341.0,Sales,1.0,2.0,48.0,2.0,1.0,Sales Representative,3.0,2800.0,23522.0,6.0,Yes,19.0,3.0,3.0,5.0,3.0,3.0,2.0,0.0
53,No,868.0,Sales,8.0,1.0,73.0,3.0,4.0,Sales Executive,4.0,11836.0,22789.0,5.0,No,14.0,3.0,3.0,28.0,3.0,2.0,0.0,2.0
35,No,672.0,Research & Development,25.0,4.0,78.0,2.0,3.0,Manufacturing Director,2.0,10903.0,9129.0,3.0,No,16.0,3.0,1.0,16.0,3.0,13.0,10.0,4.0
37,No,1231.0,Sales,21.0,3.0,54.0,3.0,1.0,Sales Representative,4.0,2973.0,21222.0,5.0,No,15.0,3.0,2.0,10.0,3.0,5.0,4.0,0.0
53,No,102.0,Research & Development,23.0,4.0,72.0,3.0,4.0,Research Director,4.0,14275.0,20206.0,6.0,No,18.0,3.0,3.0,33.0,3.0,12.0,9.0,3.0
43,No,422.0,Research & Development,1.0,4.0,33.0,3.0,2.0,Healthcare Representative,4.0,5562.0,21782.0,4.0,No,13.0,3.0,2.0,12.0,2.0,5.0,2.0,2.0
47,No,249.0,Sales,2.0,3.0,35.0,3.0,2.0,Sales Executive,4.0,4537.0,17783.0,0.0,Yes,22.0,4.0,1.0,8.0,3.0,7.0,6.0,7.0
37,No,1252.0,Sales,19.0,1.0,32.0,3.0,3.0,Sales Executive,2.0,7642.0,4814.0,1.0,Yes,13.0,3.0,4.0,10.0,3.0,10.0,0.0,0.0
50,No,881.0,Research & Development,2.0,1.0,98.0,3.0,4.0,Manager,1.0,17924.0,4544.0,1.0,No,11.0,3.0,4.0,31.0,3.0,31.0,6.0,14.0
39,No,1383.0,Human Resources,2.0,4.0,42.0,2.0,2.0,Human Resources,4.0,5204.0,7790.0,8.0,No,11.0,3.0,3.0,13.0,3.0,5.0,4.0,0.0
33,No,1075.0,Human Resources,3.0,4.0,57.0,3.0,1.0,Human Resources,2.0,2277.0,22650.0,3.0,Yes,11.0,3.0,3.0,7.0,4.0,4.0,3.0,0.0
32,Yes,374.0,Research & Development,25.0,1.0,87.0,3.0,1.0,Laboratory Technician,4.0,2795.0,18016.0,1.0,Yes,24.0,4.0,3.0,1.0,1.0,1.0,0.0,0.0
29,No,1086.0,Research & Development,7.0,1.0,62.0,2.0,1.0,Laboratory Technician,4.0,2532.0,6054.0,6.0,No,14.0,3.0,3.0,8.0,3.0,4.0,3.0,0.0
44,No,661.0,Research & Development,9.0,2.0,61.0,3.0,1.0,Research Scientist,1.0,2559.0,7508.0,1.0,Yes,13.0,3.0,4.0,8.0,3.0,8.0,7.0,7.0
28,No,821.0,Sales,5.0,1.0,98.0,3.0,2.0,Sales Executive,4.0,4908.0,24252.0,1.0,No,14.0,3.0,2.0,4.0,3.0,4.0,2.0,0.0
58,Yes,781.0,Research & Development,2.0,4.0,57.0,2.0,1.0,Laboratory Technician,4.0,2380.0,13384.0,9.0,Yes,14.0,3.0,4.0,3.0,2.0,1.0,0.0,0.0
43,No,177.0,Research & Development,8.0,1.0,55.0,3.0,2.0,Manufacturing Director,2.0,4765.0,23814.0,4.0,No,21.0,4.0,3.0,4.0,4.0,1.0,0.0,0.0
20,Yes,500.0,Sales,2.0,3.0,49.0,2.0,1.0,Sales Representative,3.0,2044.0,22052.0,1.0,No,13.0,3.0,4.0,2.0,2.0,2.0,2.0,0.0
21,Yes,1427.0,Research & Development,18.0,4.0,65.0,3.0,1.0,Research Scientist,4.0,2693.0,8870.0,1.0,No,19.0,3.0,1.0,1.0,2.0,1.0,0.0,0.0
36,No,1425.0,Research & Development,14.0,3.0,68.0,3.0,2.0,Healthcare Representative,4.0,6586.0,4821.0,0.0,Yes,17.0,3.0,1.0,17.0,2.0,16.0,8.0,4.0
47,No,1454.0,Sales,2.0,4.0,65.0,2.0,1.0,Sales Representative,4.0,3294.0,13137.0,1.0,Yes,18.0,3.0,1.0,3.0,2.0,3.0,2.0,1.0
22,Yes,617.0,Research & Development,3.0,2.0,34.0,3.0,2.0,Manufacturing Director,3.0,4171.0,10022.0,0.0,Yes,19.0,3.0,1.0,4.0,4.0,3.0,2.0,0.0
41,Yes,1085.0,Research & Development,2.0,2.0,57.0,1.0,1.0,Laboratory Technician,4.0,2778.0,17725.0,4.0,Yes,13.0,3.0,3.0,10.0,2.0,7.0,7.0,1.0
28,No,995.0,Research & Development,9.0,3.0,77.0,3.0,1.0,Research Scientist,3.0,2377.0,9834.0,5.0,No,18.0,3.0,2.0,6.0,3.0,2.0,2.0,2.0
39,Yes,1122.0,Research & Development,6.0,4.0,70.0,3.0,1.0,Laboratory Technician,1.0,2404.0,4303.0,7.0,Yes,21.0,4.0,4.0,8.0,1.0,2.0,2.0,2.0
27,No,618.0,Research & Development,4.0,2.0,76.0,3.0,1.0,Research Scientist,3.0,2318.0,17808.0,1.0,No,19.0,3.0,3.0,1.0,3.0,1.0,1.0,0.0
34,No,546.0,Research & Development,10.0,2.0,83.0,3.0,1.0,Laboratory Technician,2.0,2008.0,6896.0,1.0,No,14.0,3.0,2.0,1.0,3.0,1.0,0.0,1.0
42,No,462.0,Sales,14.0,3.0,68.0,2.0,2.0,Sales Executive,3.0,6244.0,7824.0,7.0,No,17.0,3.0,1.0,10.0,3.0,5.0,4.0,0.0
33,No,1198.0,Research & Development,1.0,3.0,100.0,2.0,1.0,Research Scientist,1.0,2799.0,3339.0,3.0,Yes,11.0,3.0,2.0,6.0,3.0,3.0,2.0,0.0
58,No,1272.0,Research & Development,5.0,3.0,37.0,2.0,3.0,Healthcare Representative,2.0,10552.0,9255.0,2.0,Yes,13.0,3.0,4.0,24.0,3.0,6.0,0.0,0.0
31,No,154.0,Sales,7.0,2.0,41.0,2.0,1.0,Sales Representative,3.0,2329.0,11737.0,3.0,No,15.0,3.0,2.0,13.0,4.0,7.0,7.0,5.0
35,No,1137.0,Research & Development,21.0,4.0,51.0,3.0,2.0,Healthcare Representative,4.0,4014.0,19170.0,1.0,Yes,25.0,4.0,4.0,10.0,1.0,10.0,6.0,0.0
49,No,527.0,Research & Development,8.0,1.0,51.0,3.0,3.0,Laboratory Technician,2.0,7403.0,22477.0,4.0,No,11.0,3.0,3.0,29.0,2.0,26.0,9.0,1.0
48,No,1469.0,Research & Development,20.0,4.0,51.0,3.0,1.0,Research Scientist,3.0,2259.0,5543.0,4.0,No,17.0,3.0,1.0,13.0,2.0,0.0,0.0,0.0
31,No,1188.0,Sales,20.0,4.0,45.0,3.0,2.0,Sales Executive,3.0,6932.0,24406.0,1.0,No,13.0,3.0,4.0,9.0,2.0,9.0,8.0,0.0
36,No,188.0,Research & Development,7.0,2.0,65.0,3.0,1.0,Research Scientist,4.0,4678.0,23293.0,2.0,No,18.0,3.0,3.0,8.0,3.0,6.0,2.0,0.0
38,No,1333.0,Research & Development,1.0,4.0,80.0,3.0,3.0,Research Director,1.0,13582.0,16292.0,1.0,No,13.0,3.0,2.0,15.0,3.0,15.0,12.0,5.0
32,No,1184.0,Research & Development,1.0,3.0,70.0,2.0,1.0,Laboratory Technician,2.0,2332.0,3974.0,6.0,No,20.0,4.0,3.0,5.0,3.0,3.0,0.0,0.0
25,Yes,867.0,Sales,19.0,3.0,36.0,2.0,1.0,Sales Representative,2.0,2413.0,18798.0,1.0,Yes,18.0,3.0,3.0,1.0,3.0,1.0,0.0,0.0
40,No,658.0,Sales,10.0,1.0,67.0,2.0,3.0,Sales Executive,2.0,9705.0,20652.0,2.0,No,12.0,3.0,2.0,11.0,2.0,1.0,0.0,0.0
26,No,1283.0,Sales,1.0,3.0,52.0,2.0,2.0,Sales Executive,1.0,4294.0,11148.0,1.0,No,12.0,3.0,2.0,7.0,3.0,7.0,7.0,0.0
41,No,263.0,Research & Development,6.0,4.0,59.0,3.0,1.0,Laboratory Technician,1.0,4721.0,3119.0,2.0,Yes,13.0,3.0,3.0,20.0,3.0,18.0,13.0,2.0
36,No,938.0,Research & Development,2.0,3.0,79.0,3.0,1.0,Laboratory Technician,3.0,2519.0,12287.0,4.0,No,21.0,4.0,3.0,16.0,3.0,11.0,8.0,3.0
19,Yes,419.0,Sales,21.0,4.0,37.0,2.0,1.0,Sales Representative,2.0,2121.0,9947.0,1.0,Yes,13.0,3.0,2.0,1.0,4.0,1.0,0.0,0.0
20,Yes,129.0,Research & Development,4.0,1.0,84.0,3.0,1.0,Laboratory Technician,1.0,2973.0,13008.0,1.0,No,19.0,3.0,2.0,1.0,3.0,1.0,0.0,0.0
31,No,616.0,Research & Development,12.0,4.0,41.0,3.0,2.0,Healthcare Representative,4.0,5855.0,17369.0,0.0,Yes,11.0,3.0,3.0,10.0,1.0,9.0,7.0,8.0
40,No,1469.0,Research & Development,9.0,4.0,35.0,3.0,1.0,Research Scientist,2.0,3617.0,25063.0,8.0,Yes,14.0,3.0,4.0,3.0,3.0,1.0,1.0,0.0
32,No,498.0,Research & Development,3.0,3.0,93.0,3.0,2.0,Manufacturing Director,1.0,6725.0,13554.0,1.0,No,12.0,3.0,3.0,8.0,4.0,8.0,7.0,6.0
36,Yes,530.0,Sales,3.0,3.0,51.0,2.0,3.0,Sales Executive,4.0,10325.0,5518.0,1.0,Yes,11.0,3.0,1.0,16.0,3.0,16.0,7.0,3.0
33,No,1069.0,Research & Development,1.0,2.0,42.0,2.0,2.0,Healthcare Representative,4.0,6949.0,12291.0,0.0,No,14.0,3.0,1.0,6.0,3.0,5.0,0.0,1.0
37,Yes,625.0,Sales,1.0,1.0,46.0,2.0,3.0,Sales Executive,3.0,10609.0,14922.0,5.0,No,11.0,3.0,3.0,17.0,1.0,14.0,1.0,11.0
45,No,805.0,Research & Development,4.0,3.0,57.0,3.0,2.0,Laboratory Technician,2.0,4447.0,23163.0,1.0,No,12.0,3.0,2.0,9.0,2.0,9.0,7.0,0.0
29,No,1404.0,Sales,20.0,3.0,84.0,3.0,1.0,Sales Representative,4.0,2157.0,18203.0,1.0,No,15.0,3.0,2.0,3.0,3.0,3.0,1.0,0.0
35,No,1219.0,Sales,18.0,3.0,86.0,3.0,2.0,Sales Executive,3.0,4601.0,6179.0,1.0,No,16.0,3.0,2.0,5.0,3.0,5.0,2.0,1.0
52,No,1053.0,Research & Development,1.0,4.0,70.0,3.0,4.0,Manager,4.0,17099.0,13829.0,2.0,No,15.0,3.0,2.0,26.0,2.0,9.0,8.0,7.0
58,Yes,289.0,Research & Development,2.0,4.0,51.0,3.0,1.0,Research Scientist,3.0,2479.0,26227.0,4.0,No,24.0,4.0,1.0,7.0,3.0,1.0,0.0,0.0
53,No,1376.0,Sales,2.0,3.0,45.0,3.0,4.0,Manager,3.0,14852.0,13938.0,6.0,No,13.0,3.0,3.0,22.0,4.0,17.0,13.0,15.0
30,No,231.0,Sales,8.0,3.0,62.0,3.0,3.0,Sales Executive,3.0,7264.0,9977.0,5.0,No,11.0,3.0,1.0,10.0,4.0,8.0,4.0,7.0
38,No,152.0,Sales,10.0,3.0,85.0,3.0,2.0,Sales Executive,4.0,5666.0,19899.0,1.0,Yes,13.0,3.0,2.0,6.0,3.0,5.0,3.0,1.0
35,No,882.0,Sales,3.0,4.0,92.0,3.0,3.0,Sales Executive,4.0,7823.0,6812.0,6.0,No,13.0,3.0,2.0,12.0,3.0,10.0,9.0,0.0
39,No,903.0,Sales,2.0,1.0,41.0,4.0,3.0,Sales Executive,3.0,7880.0,2560.0,0.0,No,18.0,3.0,4.0,9.0,3.0,8.0,7.0,0.0
40,Yes,1479.0,Sales,24.0,2.0,100.0,4.0,4.0,Sales Executive,2.0,13194.0,17071.0,4.0,Yes,16.0,3.0,4.0,22.0,2.0,1.0,0.0,0.0
47,No,1379.0,Research & Development,16.0,3.0,64.0,4.0,2.0,Manufacturing Director,3.0,5067.0,6759.0,1.0,Yes,19.0,3.0,3.0,20.0,4.0,19.0,10.0,2.0
36,No,1229.0,Sales,8.0,1.0,84.0,3.0,2.0,Sales Executive,4.0,5079.0,25952.0,4.0,No,13.0,3.0,4.0,12.0,3.0,7.0,7.0,0.0
31,Yes,335.0,Research & Development,9.0,3.0,46.0,2.0,1.0,Research Scientist,1.0,2321.0,10322.0,0.0,Yes,22.0,4.0,1.0,4.0,3.0,3.0,2.0,1.0
33,No,722.0,Sales,17.0,4.0,38.0,3.0,4.0,Manager,3.0,17444.0,20489.0,1.0,No,11.0,3.0,4.0,10.0,3.0,10.0,8.0,6.0
29,Yes,906.0,Research & Development,10.0,4.0,92.0,2.0,1.0,Research Scientist,1.0,2404.0,11479.0,6.0,Yes,20.0,4.0,3.0,3.0,3.0,0.0,0.0,0.0
33,No,461.0,Research & Development,13.0,2.0,53.0,3.0,1.0,Research Scientist,4.0,3452.0,17241.0,3.0,No,18.0,3.0,1.0,5.0,3.0,3.0,2.0,0.0
45,No,974.0,Research & Development,1.0,4.0,91.0,3.0,1.0,Laboratory Technician,4.0,2270.0,11005.0,3.0,No,14.0,3.0,4.0,8.0,3.0,5.0,3.0,0.0
50,No,1126.0,Research & Development,1.0,4.0,66.0,3.0,4.0,Research Director,4.0,17399.0,6615.0,9.0,No,22.0,4.0,3.0,32.0,2.0,5.0,4.0,1.0
33,No,827.0,Research & Development,1.0,3.0,84.0,4.0,2.0,Healthcare Representative,2.0,5488.0,20161.0,1.0,Yes,13.0,3.0,1.0,6.0,3.0,6.0,5.0,1.0
41,No,840.0,Research & Development,9.0,1.0,64.0,3.0,5.0,Research Director,3.0,19419.0,3735.0,2.0,No,17.0,3.0,2.0,21.0,4.0,18.0,16.0,0.0
27,No,1134.0,Research & Development,16.0,3.0,37.0,3.0,1.0,Laboratory Technician,2.0,2811.0,12086.0,9.0,No,14.0,3.0,2.0,4.0,3.0,2.0,2.0,2.0
45,No,248.0,Research & Development,23.0,4.0,42.0,3.0,2.0,Laboratory Technician,1.0,3633.0,14039.0,1.0,Yes,15.0,3.0,3.0,9.0,3.0,9.0,8.0,0.0
47,No,955.0,Sales,4.0,4.0,83.0,3.0,2.0,Sales Executive,4.0,4163.0,8571.0,1.0,Yes,17.0,3.0,3.0,9.0,3.0,9.0,0.0,0.0
30,Yes,138.0,Research & Development,22.0,1.0,48.0,3.0,1.0,Research Scientist,3.0,2132.0,11539.0,4.0,Yes,11.0,3.0,2.0,7.0,3.0,5.0,2.0,0.0
50,No,939.0,Research & Development,24.0,4.0,95.0,3.0,4.0,Manufacturing Director,3.0,13973.0,4161.0,3.0,Yes,18.0,3.0,4.0,22.0,3.0,12.0,11.0,1.0
38,No,1391.0,Research & Development,10.0,3.0,66.0,3.0,1.0,Research Scientist,3.0,2684.0,12127.0,0.0,No,17.0,3.0,2.0,3.0,2.0,2.0,1.0,0.0
46,No,566.0,Research & Development,7.0,4.0,75.0,3.0,3.0,Manufacturing Director,3.0,10845.0,24208.0,6.0,No,13.0,3.0,2.0,13.0,3.0,8.0,7.0,0.0
24,No,1206.0,Research & Development,17.0,4.0,41.0,2.0,2.0,Manufacturing Director,3.0,4377.0,24117.0,1.0,No,15.0,3.0,2.0,5.0,3.0,4.0,2.0,3.0
35,Yes,622.0,Research & Development,14.0,3.0,39.0,2.0,1.0,Laboratory Technician,2.0,3743.0,10074.0,1.0,Yes,24.0,4.0,4.0,5.0,1.0,4.0,2.0,0.0
31,No,853.0,Research & Development,1.0,3.0,96.0,3.0,2.0,Manufacturing Director,1.0,4148.0,11275.0,1.0,No,12.0,3.0,3.0,4.0,3.0,4.0,3.0,0.0
18,No,287.0,Research & Development,5.0,2.0,73.0,3.0,1.0,Research Scientist,4.0,1051.0,13493.0,1.0,No,15.0,3.0,4.0,0.0,3.0,0.0,0.0,0.0
54,No,1441.0,Research & Development,17.0,3.0,56.0,3.0,3.0,Manufacturing Director,3.0,10739.0,13943.0,8.0,No,11.0,3.0,3.0,22.0,3.0,10.0,7.0,0.0
35,No,583.0,Research & Development,25.0,3.0,57.0,3.0,3.0,Healthcare Representative,3.0,10388.0,6975.0,1.0,Yes,11.0,3.0,3.0,16.0,2.0,16.0,10.0,10.0
30,No,153.0,Research & Development,8.0,2.0,73.0,4.0,3.0,Research Director,1.0,11416.0,17802.0,0.0,Yes,12.0,3.0,3.0,9.0,2.0,8.0,7.0,1.0
20,Yes,1097.0,Research & Development,11.0,4.0,98.0,2.0,1.0,Research Scientist,1.0,2600.0,18275.0,1.0,Yes,15.0,3.0,1.0,1.0,3.0,1.0,0.0,0.0
30,Yes,109.0,Research & Development,5.0,2.0,60.0,3.0,1.0,Laboratory Technician,2.0,2422.0,25725.0,0.0,No,17.0,3.0,1.0,4.0,3.0,3.0,2.0,1.0
26,No,1066.0,Research & Development,2.0,4.0,32.0,4.0,2.0,Manufacturing Director,4.0,5472.0,3334.0,1.0,No,12.0,3.0,2.0,8.0,3.0,8.0,7.0,1.0
22,No,217.0,Research & Development,8.0,2.0,94.0,1.0,1.0,Laboratory Technician,1.0,2451.0,6881.0,1.0,No,15.0,3.0,1.0,4.0,2.0,4.0,3.0,1.0
48,No,277.0,Research & Development,6.0,1.0,97.0,2.0,2.0,Healthcare Representative,3.0,4240.0,13119.0,2.0,No,13.0,3.0,4.0,19.0,3.0,2.0,2.0,2.0
48,No,1355.0,Research & Development,4.0,3.0,78.0,2.0,3.0,Healthcare Representative,3.0,10999.0,22245.0,7.0,No,14.0,3.0,2.0,27.0,3.0,15.0,11.0,4.0
41,No,549.0,Research & Development,7.0,4.0,42.0,3.0,2.0,Manufacturing Director,3.0,5003.0,23371.0,6.0,No,14.0,3.0,2.0,8.0,3.0,2.0,2.0,2.0
39,No,466.0,Research & Development,1.0,4.0,65.0,2.0,4.0,Manufacturing Director,4.0,12742.0,7060.0,1.0,No,16.0,3.0,3.0,21.0,3.0,21.0,6.0,11.0
27,No,1055.0,Research & Development,2.0,1.0,47.0,3.0,2.0,Manufacturing Director,4.0,4227.0,4658.0,0.0,No,18.0,3.0,2.0,4.0,3.0,3.0,2.0,2.0
35,No,802.0,Research & Development,10.0,2.0,45.0,3.0,1.0,Laboratory Technician,4.0,3917.0,9541.0,1.0,No,20.0,4.0,1.0,3.0,2.0,3.0,2.0,1.0
42,No,265.0,Sales,5.0,4.0,90.0,3.0,5.0,Manager,3.0,18303.0,7770.0,6.0,No,13.0,3.0,2.0,21.0,4.0,1.0,0.0,0.0
50,No,804.0,Research & Development,9.0,1.0,64.0,3.0,1.0,Laboratory Technician,4.0,2380.0,20165.0,4.0,No,18.0,3.0,2.0,8.0,3.0,1.0,0.0,0.0
59,No,715.0,Research & Development,2.0,3.0,69.0,2.0,4.0,Manufacturing Director,4.0,13726.0,21829.0,3.0,Yes,13.0,3.0,1.0,30.0,3.0,5.0,3.0,4.0
37,Yes,1141.0,Research & Development,11.0,1.0,61.0,1.0,2.0,Healthcare Representative,2.0,4777.0,14382.0,5.0,No,15.0,3.0,1.0,15.0,1.0,1.0,0.0,0.0
55,No,135.0,Research & Development,18.0,3.0,62.0,3.0,2.0,Healthcare Representative,2.0,6385.0,12992.0,3.0,Yes,14.0,3.0,4.0,17.0,3.0,8.0,7.0,6.0
41,No,247.0,Research & Development,7.0,2.0,55.0,1.0,5.0,Research Director,3.0,19973.0,20284.0,1.0,No,22.0,4.0,2.0,21.0,3.0,21.0,16.0,5.0
38,No,1035.0,Sales,3.0,2.0,42.0,3.0,2.0,Sales Executive,4.0,6861.0,4981.0,8.0,Yes,12.0,3.0,3.0,19.0,3.0,1.0,0.0,0.0
26,Yes,265.0,Sales,29.0,2.0,79.0,1.0,2.0,Sales Executive,1.0,4969.0,21813.0,8.0,No,18.0,3.0,4.0,7.0,3.0,2.0,2.0,2.0
52,Yes,266.0,Sales,2.0,1.0,57.0,1.0,5.0,Manager,4.0,19845.0,25846.0,1.0,No,15.0,3.0,4.0,33.0,3.0,32.0,14.0,6.0
44,No,1448.0,Sales,28.0,4.0,53.0,4.0,4.0,Sales Executive,4.0,13320.0,11737.0,3.0,Yes,18.0,3.0,3.0,23.0,3.0,12.0,11.0,11.0
50,No,145.0,Sales,1.0,4.0,95.0,3.0,2.0,Sales Executive,3.0,6347.0,24920.0,0.0,No,12.0,3.0,1.0,19.0,3.0,18.0,7.0,0.0
36,Yes,885.0,Research & Development,16.0,3.0,43.0,4.0,1.0,Laboratory Technician,1.0,2743.0,8269.0,1.0,No,16.0,3.0,3.0,18.0,3.0,17.0,13.0,15.0
39,No,945.0,Research & Development,22.0,4.0,82.0,3.0,3.0,Manufacturing Director,1.0,10880.0,5083.0,1.0,Yes,13.0,3.0,3.0,21.0,3.0,21.0,6.0,2.0
33,No,1038.0,Sales,8.0,2.0,88.0,2.0,1.0,Sales Representative,4.0,2342.0,21437.0,0.0,No,19.0,3.0,4.0,3.0,2.0,2.0,2.0,2.0
45,No,1234.0,Sales,11.0,4.0,90.0,3.0,4.0,Manager,4.0,17650.0,5404.0,3.0,No,13.0,3.0,2.0,26.0,4.0,9.0,3.0,1.0
32,No,1109.0,Research & Development,29.0,4.0,69.0,3.0,1.0,Laboratory Technician,3.0,4025.0,11135.0,9.0,No,12.0,3.0,2.0,10.0,3.0,8.0,7.0,7.0
34,No,216.0,Sales,1.0,2.0,75.0,4.0,2.0,Sales Executive,4.0,9725.0,12278.0,0.0,No,11.0,3.0,4.0,16.0,2.0,15.0,1.0,0.0
59,No,1089.0,Sales,1.0,2.0,66.0,3.0,3.0,Manager,4.0,11904.0,11038.0,3.0,Yes,14.0,3.0,3.0,14.0,1.0,6.0,4.0,0.0
45,No,788.0,Human Resources,24.0,2.0,36.0,3.0,1.0,Human Resources,2.0,2177.0,8318.0,1.0,No,16.0,3.0,1.0,6.0,3.0,6.0,3.0,0.0
53,No,124.0,Sales,2.0,3.0,38.0,2.0,3.0,Sales Executive,2.0,7525.0,23537.0,2.0,No,12.0,3.0,1.0,30.0,3.0,15.0,7.0,6.0
36,Yes,660.0,Research & Development,15.0,1.0,81.0,3.0,2.0,Laboratory Technician,3.0,4834.0,7858.0,7.0,No,14.0,3.0,2.0,9.0,2.0,1.0,0.0,0.0
26,Yes,342.0,Research & Development,2.0,1.0,57.0,3.0,1.0,Research Scientist,1.0,2042.0,15346.0,6.0,Yes,14.0,3.0,2.0,6.0,3.0,3.0,2.0,1.0
34,No,1333.0,Sales,10.0,3.0,87.0,3.0,1.0,Sales Representative,3.0,2220.0,18410.0,1.0,Yes,19.0,3.0,4.0,1.0,3.0,1.0,1.0,0.0
28,No,1144.0,Sales,10.0,4.0,74.0,3.0,1.0,Sales Representative,2.0,1052.0,23384.0,1.0,No,22.0,4.0,2.0,1.0,3.0,1.0,0.0,0.0
38,No,1186.0,Research & Development,3.0,3.0,44.0,3.0,1.0,Research Scientist,3.0,2821.0,2997.0,3.0,No,16.0,3.0,1.0,8.0,3.0,2.0,2.0,2.0
50,No,1464.0,Research & Development,2.0,2.0,62.0,3.0,5.0,Research Director,3.0,19237.0,12853.0,2.0,Yes,11.0,3.0,4.0,29.0,2.0,8.0,1.0,7.0
37,No,124.0,Research & Development,3.0,4.0,35.0,3.0,2.0,Healthcare Representative,2.0,4107.0,13848.0,3.0,No,15.0,3.0,1.0,8.0,2.0,4.0,3.0,0.0
40,No,300.0,Sales,26.0,3.0,74.0,3.0,2.0,Sales Executive,1.0,8396.0,22217.0,1.0,No,14.0,3.0,2.0,8.0,2.0,7.0,7.0,7.0
26,No,921.0,Research & Development,1.0,1.0,66.0,2.0,1.0,Research Scientist,3.0,2007.0,25265.0,1.0,No,13.0,3.0,3.0,5.0,3.0,5.0,3.0,1.0
46,No,430.0,Research & Development,1.0,4.0,40.0,3.0,5.0,Research Director,4.0,19627.0,21445.0,9.0,No,17.0,3.0,4.0,23.0,3.0,2.0,2.0,2.0
54,No,1082.0,Sales,2.0,3.0,41.0,2.0,3.0,Sales Executive,3.0,10686.0,8392.0,6.0,No,11.0,3.0,2.0,13.0,3.0,9.0,4.0,7.0
56,No,1240.0,Research & Development,9.0,1.0,63.0,3.0,1.0,Research Scientist,3.0,2942.0,12154.0,2.0,No,19.0,3.0,2.0,18.0,3.0,5.0,4.0,0.0
36,No,796.0,Research & Development,12.0,4.0,51.0,2.0,3.0,Manufacturing Director,4.0,8858.0,15669.0,0.0,No,11.0,3.0,2.0,15.0,2.0,14.0,8.0,7.0
55,No,444.0,Research & Development,2.0,3.0,40.0,2.0,4.0,Manager,1.0,16756.0,17323.0,7.0,No,15.0,3.0,2.0,31.0,4.0,9.0,7.0,6.0
43,No,415.0,Sales,25.0,3.0,79.0,2.0,3.0,Sales Executive,4.0,10798.0,5268.0,5.0,No,13.0,3.0,3.0,18.0,3.0,1.0,0.0,0.0
20,Yes,769.0,Sales,9.0,4.0,54.0,3.0,1.0,Sales Representative,4.0,2323.0,17205.0,1.0,Yes,14.0,3.0,2.0,2.0,3.0,2.0,2.0,0.0
21,Yes,1334.0,Research & Development,10.0,3.0,36.0,2.0,1.0,Laboratory Technician,1.0,1416.0,17258.0,1.0,No,13.0,3.0,1.0,1.0,2.0,1.0,0.0,1.0
46,No,1003.0,Research & Development,8.0,4.0,74.0,2.0,2.0,Research Scientist,1.0,4615.0,21029.0,8.0,Yes,23.0,4.0,1.0,19.0,3.0,16.0,13.0,1.0
51,Yes,1323.0,Research & Development,4.0,1.0,34.0,3.0,1.0,Research Scientist,3.0,2461.0,10332.0,9.0,Yes,12.0,3.0,3.0,18.0,4.0,10.0,0.0,2.0
28,Yes,1366.0,Research & Development,24.0,2.0,72.0,2.0,3.0,Healthcare Representative,1.0,8722.0,12355.0,1.0,No,12.0,3.0,1.0,10.0,2.0,10.0,7.0,1.0
26,No,192.0,Research & Development,1.0,1.0,59.0,2.0,1.0,Laboratory Technician,1.0,3955.0,11141.0,1.0,No,16.0,3.0,1.0,6.0,3.0,5.0,3.0,1.0
30,No,1176.0,Research & Development,20.0,3.0,85.0,3.0,2.0,Manufacturing Director,1.0,9957.0,9096.0,0.0,No,15.0,3.0,3.0,7.0,2.0,6.0,2.0,0.0
41,No,509.0,Research & Development,7.0,2.0,43.0,4.0,1.0,Research Scientist,3.0,3376.0,18863.0,1.0,No,13.0,3.0,3.0,10.0,3.0,10.0,6.0,0.0
38,No,330.0,Research & Development,17.0,3.0,65.0,2.0,3.0,Healthcare Representative,3.0,8823.0,24608.0,0.0,No,18.0,3.0,1.0,20.0,2.0,19.0,9.0,1.0
40,No,1492.0,Research & Development,20.0,1.0,61.0,3.0,3.0,Healthcare Representative,4.0,10322.0,26542.0,4.0,No,20.0,4.0,4.0,14.0,3.0,11.0,10.0,11.0
27,No,1277.0,Research & Development,8.0,1.0,87.0,1.0,1.0,Laboratory Technician,3.0,4621.0,5869.0,1.0,No,19.0,3.0,4.0,3.0,3.0,3.0,2.0,1.0
55,No,1091.0,Research & Development,2.0,4.0,65.0,3.0,3.0,Manufacturing Director,2.0,10976.0,15813.0,3.0,No,18.0,3.0,2.0,23.0,3.0,3.0,2.0,1.0
28,No,857.0,Research & Development,10.0,3.0,59.0,3.0,2.0,Research Scientist,3.0,3660.0,7909.0,3.0,No,13.0,3.0,4.0,10.0,4.0,8.0,7.0,1.0
44,Yes,1376.0,Human Resources,1.0,2.0,91.0,2.0,3.0,Human Resources,1.0,10482.0,2326.0,9.0,No,14.0,3.0,4.0,24.0,3.0,20.0,6.0,3.0
33,No,654.0,Research & Development,5.0,4.0,34.0,2.0,3.0,Healthcare Representative,4.0,7119.0,21214.0,4.0,No,15.0,3.0,3.0,9.0,3.0,3.0,2.0,1.0
35,Yes,1204.0,Sales,4.0,4.0,86.0,3.0,3.0,Sales Executive,1.0,9582.0,10333.0,0.0,Yes,22.0,4.0,1.0,9.0,3.0,8.0,7.0,4.0
33,Yes,827.0,Research & Development,29.0,1.0,54.0,2.0,2.0,Research Scientist,3.0,4508.0,3129.0,1.0,No,22.0,4.0,2.0,14.0,3.0,13.0,7.0,3.0
28,No,895.0,Research & Development,15.0,1.0,50.0,3.0,1.0,Laboratory Technician,3.0,2207.0,22482.0,1.0,No,16.0,3.0,4.0,4.0,2.0,4.0,2.0,2.0
34,No,618.0,Research & Development,3.0,1.0,45.0,3.0,2.0,Healthcare Representative,4.0,7756.0,22266.0,0.0,No,17.0,3.0,3.0,7.0,2.0,6.0,2.0,0.0
37,No,309.0,Sales,10.0,4.0,88.0,2.0,2.0,Sales Executive,4.0,6694.0,24223.0,2.0,Yes,14.0,3.0,3.0,8.0,3.0,1.0,0.0,0.0
25,Yes,1219.0,Research & Development,4.0,4.0,32.0,3.0,1.0,Laboratory Technician,4.0,3691.0,4605.0,1.0,Yes,15.0,3.0,2.0,7.0,4.0,7.0,7.0,5.0
26,Yes,1330.0,Research & Development,21.0,1.0,37.0,3.0,1.0,Laboratory Technician,3.0,2377.0,19373.0,1.0,No,20.0,4.0,3.0,1.0,2.0,1.0,1.0,0.0
33,Yes,1017.0,Research & Development,25.0,1.0,55.0,2.0,1.0,Research Scientist,2.0,2313.0,2993.0,4.0,Yes,20.0,4.0,2.0,5.0,3.0,2.0,2.0,2.0
42,No,469.0,Research & Development,2.0,4.0,35.0,3.0,4.0,Manager,1.0,17665.0,14399.0,0.0,No,17.0,3.0,4.0,23.0,3.0,22.0,6.0,13.0
28,Yes,1009.0,Research & Development,1.0,1.0,45.0,2.0,1.0,Laboratory Technician,2.0,2596.0,7160.0,1.0,No,15.0,3.0,1.0,1.0,3.0,1.0,0.0,0.0
50,Yes,959.0,Sales,1.0,4.0,81.0,3.0,2.0,Sales Executive,3.0,4728.0,17251.0,3.0,Yes,14.0,3.0,4.0,5.0,3.0,0.0,0.0,0.0
33,No,970.0,Sales,7.0,4.0,30.0,3.0,2.0,Sales Executive,2.0,4302.0,13401.0,0.0,No,17.0,3.0,3.0,4.0,3.0,3.0,2.0,0.0
34,No,697.0,Research & Development,3.0,3.0,40.0,2.0,1.0,Research Scientist,4.0,2979.0,22478.0,3.0,No,17.0,3.0,4.0,6.0,3.0,0.0,0.0,0.0
48,No,1262.0,Research & Development,1.0,1.0,35.0,4.0,4.0,Manager,4.0,16885.0,16154.0,2.0,No,22.0,4.0,3.0,27.0,2.0,5.0,4.0,2.0
45,No,1050.0,Sales,9.0,2.0,65.0,2.0,2.0,Sales Executive,3.0,5593.0,17970.0,1.0,No,13.0,3.0,4.0,15.0,3.0,15.0,10.0,4.0
52,No,994.0,Research & Development,7.0,2.0,87.0,3.0,3.0,Healthcare Representative,2.0,10445.0,15322.0,7.0,No,19.0,3.0,4.0,18.0,3.0,8.0,6.0,4.0
38,No,770.0,Sales,10.0,3.0,73.0,2.0,3.0,Sales Executive,3.0,8740.0,5569.0,0.0,Yes,14.0,3.0,2.0,9.0,3.0,8.0,7.0,2.0
29,No,1107.0,Research & Development,28.0,3.0,93.0,3.0,1.0,Research Scientist,4.0,2514.0,26968.0,4.0,No,22.0,4.0,1.0,11.0,3.0,7.0,5.0,1.0
28,No,950.0,Research & Development,3.0,4.0,93.0,3.0,3.0,Manufacturing Director,2.0,7655.0,8039.0,0.0,No,17.0,3.0,2.0,10.0,2.0,9.0,7.0,1.0
46,No,406.0,Sales,3.0,1.0,52.0,3.0,4.0,Manager,3.0,17465.0,15596.0,3.0,No,12.0,3.0,4.0,23.0,3.0,12.0,9.0,4.0
38,No,130.0,Sales,2.0,4.0,32.0,3.0,3.0,Sales Executive,2.0,7351.0,20619.0,7.0,No,16.0,3.0,3.0,10.0,3.0,1.0,0.0,0.0
43,No,1082.0,Research & Development,27.0,3.0,83.0,3.0,3.0,Manufacturing Director,1.0,10820.0,11535.0,8.0,No,11.0,3.0,3.0,18.0,3.0,8.0,7.0,0.0
39,Yes,203.0,Research & Development,2.0,1.0,84.0,3.0,4.0,Healthcare Representative,4.0,12169.0,13547.0,7.0,No,11.0,3.0,4.0,21.0,3.0,18.0,7.0,11.0
40,No,1308.0,Research & Development,14.0,3.0,44.0,2.0,5.0,Research Director,3.0,19626.0,17544.0,1.0,No,14.0,3.0,1.0,21.0,4.0,20.0,7.0,4.0
21,No,984.0,Research & Development,1.0,4.0,70.0,2.0,1.0,Research Scientist,2.0,2070.0,25326.0,1.0,Yes,11.0,3.0,3.0,2.0,4.0,2.0,2.0,2.0
39,No,439.0,Research & Development,9.0,3.0,70.0,3.0,2.0,Laboratory Technician,2.0,6782.0,8770.0,9.0,No,15.0,3.0,3.0,9.0,2.0,5.0,4.0,0.0
36,No,217.0,Research & Development,18.0,1.0,78.0,3.0,2.0,Manufacturing Director,4.0,7779.0,23238.0,2.0,No,20.0,4.0,1.0,18.0,3.0,11.0,9.0,0.0
31,No,793.0,Sales,20.0,3.0,67.0,4.0,1.0,Sales Representative,4.0,2791.0,21981.0,0.0,No,12.0,3.0,1.0,3.0,3.0,2.0,2.0,2.0
28,No,1451.0,Research & Development,2.0,1.0,67.0,2.0,1.0,Research Scientist,2.0,3201.0,19911.0,0.0,No,17.0,3.0,1.0,6.0,1.0,5.0,3.0,0.0
35,No,1182.0,Sales,11.0,4.0,54.0,3.0,2.0,Sales Executive,4.0,4968.0,18500.0,1.0,No,11.0,3.0,4.0,5.0,3.0,5.0,2.0,0.0
49,No,174.0,Sales,8.0,4.0,56.0,2.0,4.0,Sales Executive,2.0,13120.0,11879.0,6.0,No,17.0,3.0,2.0,22.0,3.0,9.0,8.0,2.0
34,No,1003.0,Research & Development,2.0,4.0,95.0,3.0,2.0,Manufacturing Director,3.0,4033.0,15834.0,2.0,No,11.0,3.0,4.0,5.0,2.0,3.0,2.0,0.0
29,No,490.0,Research & Development,10.0,4.0,61.0,3.0,1.0,Research Scientist,2.0,3291.0,17940.0,0.0,No,14.0,3.0,4.0,8.0,2.0,7.0,5.0,1.0
42,No,188.0,Research & Development,29.0,2.0,56.0,1.0,2.0,Laboratory Technician,4.0,4272.0,9558.0,4.0,No,19.0,3.0,1.0,16.0,3.0,1.0,0.0,0.0
29,No,718.0,Research & Development,8.0,2.0,79.0,2.0,2.0,Manufacturing Director,4.0,5056.0,17689.0,1.0,Yes,15.0,3.0,3.0,10.0,2.0,10.0,7.0,1.0
38,No,433.0,Human Resources,1.0,3.0,37.0,4.0,1.0,Human Resources,3.0,2844.0,6004.0,1.0,No,13.0,3.0,4.0,7.0,4.0,7.0,6.0,5.0
28,No,773.0,Research & Development,6.0,3.0,39.0,2.0,1.0,Research Scientist,3.0,2703.0,22088.0,1.0,Yes,14.0,3.0,4.0,3.0,3.0,3.0,1.0,0.0
18,Yes,247.0,Research & Development,8.0,3.0,80.0,3.0,1.0,Laboratory Technician,3.0,1904.0,13556.0,1.0,No,12.0,3.0,4.0,0.0,3.0,0.0,0.0,0.0
33,Yes,603.0,Sales,9.0,1.0,77.0,3.0,2.0,Sales Executive,1.0,8224.0,18385.0,0.0,Yes,17.0,3.0,1.0,6.0,3.0,5.0,2.0,0.0
41,No,167.0,Research & Development,12.0,2.0,46.0,3.0,1.0,Laboratory Technician,4.0,4766.0,9051.0,3.0,Yes,11.0,3.0,1.0,6.0,3.0,1.0,0.0,0.0
31,Yes,874.0,Research & Development,15.0,3.0,72.0,3.0,1.0,Laboratory Technician,3.0,2610.0,6233.0,1.0,No,12.0,3.0,3.0,2.0,2.0,2.0,2.0,2.0
37,No,367.0,Research & Development,25.0,3.0,52.0,2.0,2.0,Healthcare Representative,4.0,5731.0,17171.0,7.0,No,13.0,3.0,3.0,9.0,3.0,6.0,2.0,1.0
27,No,199.0,Research & Development,6.0,4.0,55.0,2.0,1.0,Research Scientist,3.0,2539.0,7950.0,1.0,No,13.0,3.0,3.0,4.0,3.0,4.0,2.0,2.0
34,No,1400.0,Sales,9.0,2.0,70.0,3.0,2.0,Sales Executive,3.0,5714.0,5829.0,1.0,No,20.0,4.0,1.0,6.0,2.0,6.0,5.0,1.0
35,No,528.0,Human Resources,8.0,3.0,100.0,3.0,1.0,Human Resources,3.0,4323.0,7108.0,1.0,No,17.0,3.0,2.0,6.0,1.0,5.0,4.0,1.0
29,Yes,408.0,Sales,23.0,4.0,45.0,2.0,3.0,Sales Executive,1.0,7336.0,11162.0,1.0,No,13.0,3.0,1.0,11.0,1.0,11.0,8.0,3.0
40,No,593.0,Research & Development,9.0,2.0,88.0,3.0,3.0,Research Director,3.0,13499.0,13782.0,9.0,No,17.0,3.0,3.0,20.0,2.0,18.0,7.0,2.0
42,Yes,481.0,Sales,12.0,3.0,44.0,3.0,4.0,Sales Executive,1.0,13758.0,2447.0,0.0,Yes,12.0,3.0,2.0,22.0,2.0,21.0,9.0,13.0
42,No,647.0,Sales,4.0,2.0,45.0,3.0,2.0,Sales Executive,1.0,5155.0,2253.0,7.0,No,13.0,3.0,4.0,9.0,4.0,6.0,4.0,1.0
35,No,982.0,Research & Development,1.0,4.0,58.0,2.0,1.0,Laboratory Technician,3.0,2258.0,16340.0,6.0,No,12.0,3.0,2.0,10.0,3.0,8.0,0.0,1.0
24,No,477.0,Research & Development,24.0,4.0,49.0,3.0,1.0,Laboratory Technician,2.0,3597.0,6409.0,8.0,No,22.0,4.0,4.0,6.0,3.0,4.0,3.0,1.0
28,Yes,1485.0,Research & Development,12.0,3.0,79.0,3.0,1.0,Laboratory Technician,4.0,2515.0,22955.0,1.0,Yes,11.0,3.0,4.0,1.0,2.0,1.0,1.0,0.0
26,No,1384.0,Research & Development,3.0,1.0,82.0,4.0,1.0,Laboratory Technician,4.0,4420.0,13421.0,1.0,No,22.0,4.0,2.0,8.0,3.0,8.0,7.0,0.0
30,No,852.0,Sales,10.0,3.0,72.0,2.0,2.0,Sales Executive,3.0,6578.0,2706.0,1.0,No,18.0,3.0,1.0,10.0,3.0,10.0,3.0,1.0
40,No,902.0,Research & Development,26.0,3.0,92.0,2.0,2.0,Research Scientist,4.0,4422.0,21203.0,3.0,Yes,13.0,3.0,4.0,16.0,1.0,1.0,1.0,0.0
35,No,819.0,Research & Development,2.0,3.0,44.0,2.0,3.0,Manufacturing Director,2.0,10274.0,19588.0,2.0,No,18.0,3.0,2.0,15.0,4.0,7.0,7.0,6.0
34,No,669.0,Research & Development,1.0,4.0,97.0,2.0,2.0,Healthcare Representative,1.0,5343.0,25755.0,0.0,No,20.0,4.0,3.0,14.0,3.0,13.0,9.0,4.0
35,No,636.0,Research & Development,4.0,4.0,47.0,2.0,1.0,Laboratory Technician,4.0,2376.0,26537.0,1.0,No,13.0,3.0,2.0,2.0,4.0,2.0,2.0,2.0
43,Yes,1372.0,Sales,9.0,1.0,85.0,1.0,2.0,Sales Executive,3.0,5346.0,9489.0,8.0,No,13.0,3.0,2.0,7.0,2.0,4.0,3.0,1.0
32,No,862.0,Sales,2.0,3.0,76.0,3.0,1.0,Sales Representative,1.0,2827.0,14947.0,1.0,No,12.0,3.0,3.0,1.0,3.0,1.0,0.0,0.0
56,No,718.0,Research & Development,4.0,4.0,92.0,3.0,5.0,Manager,1.0,19943.0,18575.0,4.0,No,13.0,3.0,4.0,28.0,3.0,5.0,2.0,4.0
29,No,1401.0,Research & Development,6.0,2.0,54.0,3.0,1.0,Laboratory Technician,4.0,3131.0,26342.0,1.0,No,13.0,3.0,1.0,10.0,3.0,10.0,8.0,0.0
19,No,645.0,Research & Development,9.0,3.0,54.0,3.0,1.0,Research Scientist,1.0,2552.0,7172.0,1.0,No,25.0,4.0,3.0,1.0,3.0,1.0,1.0,0.0
45,No,1457.0,Research & Development,7.0,1.0,83.0,3.0,1.0,Research Scientist,3.0,4477.0,20100.0,4.0,Yes,19.0,3.0,3.0,7.0,2.0,3.0,2.0,0.0
37,No,977.0,Research & Development,1.0,4.0,56.0,2.0,2.0,Manufacturing Director,4.0,6474.0,9961.0,1.0,No,13.0,3.0,2.0,14.0,2.0,14.0,8.0,3.0
20,No,805.0,Research & Development,3.0,1.0,87.0,2.0,1.0,Laboratory Technician,3.0,3033.0,12828.0,1.0,No,12.0,3.0,1.0,2.0,2.0,2.0,2.0,1.0
44,Yes,1097.0,Research & Development,10.0,3.0,96.0,3.0,1.0,Research Scientist,3.0,2936.0,10826.0,1.0,Yes,11.0,3.0,3.0,6.0,3.0,6.0,4.0,0.0
53,No,1223.0,Research & Development,7.0,4.0,50.0,3.0,5.0,Manager,3.0,18606.0,18640.0,3.0,No,18.0,3.0,2.0,26.0,3.0,7.0,7.0,4.0
29,No,942.0,Research & Development,15.0,2.0,69.0,1.0,1.0,Research Scientist,4.0,2168.0,26933.0,0.0,Yes,18.0,3.0,1.0,6.0,2.0,5.0,4.0,1.0
22,Yes,1256.0,Research & Development,3.0,3.0,48.0,2.0,1.0,Research Scientist,4.0,2853.0,4223.0,0.0,Yes,11.0,3.0,2.0,1.0,3.0,0.0,0.0,0.0
46,No,1402.0,Sales,2.0,3.0,69.0,3.0,4.0,Manager,1.0,17048.0,24097.0,8.0,No,23.0,4.0,1.0,28.0,3.0,26.0,15.0,15.0
44,No,111.0,Research & Development,17.0,4.0,74.0,1.0,1.0,Research Scientist,3.0,2290.0,4279.0,2.0,No,13.0,3.0,4.0,6.0,3.0,0.0,0.0,0.0
33,No,147.0,Human Resources,2.0,2.0,99.0,3.0,1.0,Human Resources,3.0,3600.0,8429.0,1.0,No,13.0,3.0,4.0,5.0,3.0,5.0,4.0,1.0
41,Yes,906.0,Research & Development,5.0,1.0,95.0,2.0,1.0,Research Scientist,1.0,2107.0,20293.0,6.0,No,17.0,3.0,1.0,5.0,1.0,1.0,0.0,0.0
30,No,1329.0,Sales,29.0,3.0,61.0,3.0,2.0,Sales Executive,1.0,4115.0,13192.0,8.0,No,19.0,3.0,3.0,8.0,3.0,4.0,3.0,0.0
40,No,1184.0,Sales,2.0,2.0,62.0,3.0,2.0,Sales Executive,2.0,4327.0,25440.0,5.0,No,12.0,3.0,4.0,5.0,3.0,0.0,0.0,0.0
50,No,1421.0,Research & Development,2.0,4.0,30.0,3.0,4.0,Manager,1.0,17856.0,9490.0,2.0,No,22.0,4.0,3.0,32.0,3.0,2.0,2.0,2.0
28,No,1179.0,Research & Development,19.0,4.0,78.0,2.0,1.0,Laboratory Technician,1.0,3196.0,12449.0,1.0,No,12.0,3.0,3.0,6.0,3.0,6.0,5.0,3.0
46,No,1450.0,Research & Development,15.0,4.0,52.0,3.0,5.0,Research Director,2.0,19081.0,10849.0,5.0,No,11.0,3.0,1.0,25.0,3.0,4.0,2.0,0.0
35,No,1361.0,Sales,17.0,3.0,94.0,3.0,2.0,Sales Executive,1.0,8966.0,21026.0,3.0,Yes,15.0,3.0,4.0,15.0,3.0,7.0,7.0,1.0
24,Yes,984.0,Research & Development,17.0,4.0,97.0,3.0,1.0,Laboratory Technician,2.0,2210.0,3372.0,1.0,No,13.0,3.0,1.0,1.0,1.0,1.0,0.0,0.0
33,No,1146.0,Sales,25.0,2.0,82.0,3.0,2.0,Sales Executive,3.0,4539.0,4905.0,1.0,No,12.0,3.0,1.0,10.0,2.0,10.0,7.0,0.0
36,No,917.0,Research & Development,6.0,3.0,60.0,1.0,1.0,Laboratory Technician,3.0,2741.0,6865.0,1.0,No,14.0,3.0,3.0,7.0,3.0,7.0,7.0,1.0
30,No,853.0,Research & Development,7.0,3.0,49.0,3.0,2.0,Laboratory Technician,3.0,3491.0,11309.0,1.0,No,13.0,3.0,1.0,10.0,2.0,10.0,7.0,8.0
44,No,200.0,Research & Development,29.0,4.0,32.0,3.0,2.0,Research Scientist,4.0,4541.0,7744.0,1.0,No,25.0,4.0,2.0,20.0,3.0,20.0,11.0,13.0
20,No,654.0,Sales,21.0,3.0,43.0,4.0,1.0,Sales Representative,4.0,2678.0,5050.0,1.0,No,17.0,3.0,4.0,2.0,3.0,2.0,1.0,2.0
46,No,150.0,Research & Development,2.0,4.0,60.0,3.0,2.0,Manufacturing Director,4.0,7379.0,17433.0,2.0,No,11.0,3.0,3.0,12.0,2.0,6.0,3.0,1.0
42,No,179.0,Human Resources,2.0,4.0,79.0,4.0,2.0,Human Resources,1.0,6272.0,12858.0,7.0,No,16.0,3.0,1.0,10.0,4.0,4.0,3.0,0.0
60,No,696.0,Sales,7.0,2.0,52.0,4.0,2.0,Sales Executive,4.0,5220.0,10893.0,0.0,Yes,18.0,3.0,2.0,12.0,3.0,11.0,7.0,1.0
32,No,116.0,Research & Development,13.0,3.0,77.0,2.0,1.0,Laboratory Technician,2.0,2743.0,7331.0,1.0,No,20.0,4.0,3.0,2.0,3.0,2.0,2.0,2.0
32,No,1316.0,Research & Development,2.0,4.0,38.0,3.0,2.0,Research Scientist,3.0,4998.0,2338.0,4.0,Yes,14.0,3.0,4.0,10.0,3.0,8.0,7.0,0.0
36,No,363.0,Research & Development,1.0,3.0,77.0,1.0,3.0,Manufacturing Director,1.0,10252.0,4235.0,2.0,Yes,21.0,4.0,3.0,17.0,3.0,7.0,7.0,7.0
33,No,117.0,Research & Development,9.0,1.0,60.0,3.0,1.0,Research Scientist,4.0,2781.0,6311.0,0.0,No,13.0,3.0,2.0,15.0,3.0,14.0,10.0,4.0
40,No,107.0,Sales,10.0,2.0,84.0,2.0,2.0,Sales Executive,2.0,6852.0,11591.0,7.0,No,12.0,3.0,2.0,7.0,4.0,5.0,1.0,1.0
25,No,1356.0,Sales,10.0,3.0,57.0,3.0,2.0,Sales Executive,4.0,4950.0,20623.0,0.0,No,14.0,3.0,2.0,5.0,3.0,4.0,3.0,1.0
30,No,1465.0,Research & Development,1.0,4.0,63.0,3.0,1.0,Research Scientist,2.0,3579.0,9369.0,0.0,Yes,21.0,4.0,1.0,12.0,3.0,11.0,9.0,5.0
42,No,458.0,Research & Development,26.0,1.0,60.0,3.0,3.0,Research Director,1.0,13191.0,23281.0,3.0,Yes,17.0,3.0,3.0,20.0,3.0,1.0,0.0,0.0
35,No,1212.0,Sales,8.0,3.0,78.0,2.0,3.0,Sales Executive,4.0,10377.0,13755.0,4.0,Yes,11.0,3.0,2.0,16.0,2.0,13.0,2.0,4.0
27,No,1103.0,Research & Development,14.0,1.0,42.0,3.0,1.0,Research Scientist,1.0,2235.0,14377.0,1.0,Yes,14.0,3.0,4.0,9.0,2.0,9.0,7.0,6.0
54,No,966.0,Research & Development,1.0,4.0,53.0,3.0,3.0,Manufacturing Director,3.0,10502.0,9659.0,7.0,No,17.0,3.0,1.0,33.0,1.0,5.0,4.0,1.0
44,No,1117.0,Research & Development,2.0,1.0,72.0,4.0,1.0,Research Scientist,4.0,2011.0,19982.0,1.0,No,13.0,3.0,4.0,10.0,3.0,10.0,5.0,7.0
19,Yes,504.0,Research & Development,10.0,1.0,96.0,2.0,1.0,Research Scientist,2.0,1859.0,6148.0,1.0,Yes,25.0,4.0,2.0,1.0,4.0,1.0,1.0,0.0
29,No,1010.0,Research & Development,1.0,1.0,97.0,3.0,1.0,Research Scientist,4.0,3760.0,5598.0,1.0,No,15.0,3.0,1.0,3.0,3.0,3.0,2.0,1.0
54,No,685.0,Research & Development,3.0,4.0,85.0,3.0,4.0,Research Director,4.0,17779.0,23474.0,3.0,No,14.0,3.0,1.0,36.0,3.0,10.0,9.0,0.0
31,No,1332.0,Research & Development,11.0,3.0,80.0,3.0,2.0,Healthcare Representative,1.0,6833.0,17089.0,1.0,Yes,12.0,3.0,4.0,6.0,2.0,6.0,5.0,0.0
31,No,1062.0,Research & Development,24.0,3.0,96.0,2.0,2.0,Healthcare Representative,1.0,6812.0,17198.0,1.0,No,19.0,3.0,2.0,10.0,3.0,10.0,9.0,1.0
59,No,326.0,Sales,3.0,3.0,48.0,2.0,2.0,Sales Executive,4.0,5171.0,16490.0,5.0,No,17.0,3.0,4.0,13.0,3.0,6.0,1.0,0.0
43,No,920.0,Research & Development,3.0,3.0,96.0,1.0,5.0,Research Director,4.0,19740.0,18625.0,3.0,No,14.0,3.0,2.0,25.0,3.0,8.0,7.0,0.0
49,No,1098.0,Research & Development,4.0,1.0,85.0,2.0,5.0,Manager,3.0,18711.0,12124.0,2.0,No,13.0,3.0,3.0,23.0,4.0,1.0,0.0,0.0
36,No,469.0,Research & Development,3.0,3.0,46.0,3.0,1.0,Research Scientist,2.0,3692.0,9256.0,1.0,No,12.0,3.0,3.0,12.0,2.0,11.0,10.0,0.0
48,No,969.0,Research & Development,2.0,4.0,76.0,4.0,1.0,Laboratory Technician,2.0,2559.0,16620.0,5.0,No,11.0,3.0,3.0,7.0,2.0,1.0,0.0,0.0
27,No,1167.0,Research & Development,4.0,1.0,76.0,3.0,1.0,Research Scientist,3.0,2517.0,3208.0,1.0,No,11.0,3.0,2.0,5.0,3.0,5.0,3.0,0.0
29,No,1329.0,Research & Development,7.0,3.0,82.0,3.0,2.0,Healthcare Representative,4.0,6623.0,4204.0,1.0,Yes,11.0,3.0,2.0,6.0,3.0,6.0,0.0,1.0
48,No,715.0,Research & Development,1.0,4.0,76.0,2.0,5.0,Research Director,4.0,18265.0,8733.0,6.0,No,12.0,3.0,3.0,25.0,4.0,1.0,0.0,0.0
29,No,694.0,Research & Development,1.0,4.0,87.0,2.0,4.0,Research Director,4.0,16124.0,3423.0,3.0,No,14.0,3.0,2.0,9.0,2.0,7.0,7.0,1.0
34,No,1320.0,Research & Development,20.0,3.0,89.0,4.0,1.0,Research Scientist,3.0,2585.0,21643.0,0.0,No,17.0,3.0,4.0,2.0,2.0,1.0,0.0,0.0
44,No,1099.0,Sales,5.0,2.0,88.0,3.0,5.0,Manager,2.0,18213.0,8751.0,7.0,No,11.0,3.0,3.0,26.0,3.0,22.0,9.0,3.0
33,No,536.0,Sales,10.0,4.0,82.0,4.0,3.0,Sales Executive,3.0,8380.0,21708.0,0.0,Yes,14.0,3.0,4.0,10.0,3.0,9.0,8.0,0.0
19,No,265.0,Research & Development,25.0,2.0,57.0,4.0,1.0,Research Scientist,4.0,2994.0,21221.0,1.0,Yes,12.0,3.0,4.0,1.0,3.0,1.0,0.0,0.0
23,No,373.0,Research & Development,1.0,4.0,47.0,3.0,1.0,Research Scientist,3.0,1223.0,16901.0,1.0,No,22.0,4.0,4.0,1.0,3.0,1.0,0.0,0.0
25,Yes,599.0,Sales,24.0,3.0,73.0,1.0,1.0,Sales Representative,4.0,1118.0,8040.0,1.0,Yes,14.0,3.0,4.0,1.0,3.0,1.0,0.0,1.0
26,No,583.0,Research & Development,4.0,3.0,53.0,3.0,1.0,Research Scientist,4.0,2875.0,9973.0,1.0,Yes,20.0,4.0,2.0,8.0,2.0,8.0,5.0,2.0
45,Yes,1449.0,Sales,2.0,1.0,94.0,1.0,5.0,Manager,2.0,18824.0,2493.0,2.0,Yes,16.0,3.0,1.0,26.0,3.0,24.0,10.0,1.0
55,No,177.0,Research & Development,8.0,4.0,37.0,2.0,4.0,Healthcare Representative,2.0,13577.0,25592.0,1.0,Yes,15.0,3.0,4.0,34.0,3.0,33.0,9.0,15.0
21,Yes,251.0,Research & Development,10.0,1.0,45.0,2.0,1.0,Laboratory Technician,3.0,2625.0,25308.0,1.0,No,20.0,4.0,3.0,2.0,1.0,2.0,2.0,2.0
46,No,168.0,Sales,4.0,4.0,33.0,2.0,5.0,Manager,2.0,18789.0,9946.0,2.0,No,14.0,3.0,3.0,26.0,3.0,11.0,4.0,0.0
34,No,131.0,Sales,2.0,3.0,86.0,3.0,2.0,Sales Executive,1.0,4538.0,6039.0,0.0,Yes,12.0,3.0,4.0,4.0,3.0,3.0,2.0,0.0
51,No,237.0,Sales,9.0,4.0,83.0,3.0,5.0,Manager,2.0,19847.0,19196.0,4.0,Yes,24.0,4.0,1.0,31.0,2.0,29.0,10.0,11.0
59,No,1429.0,Research & Development,18.0,4.0,67.0,3.0,3.0,Manufacturing Director,4.0,10512.0,20002.0,6.0,No,12.0,3.0,4.0,25.0,2.0,9.0,7.0,5.0
34,No,135.0,Research & Development,19.0,3.0,46.0,3.0,2.0,Laboratory Technician,2.0,4444.0,22534.0,4.0,No,13.0,3.0,3.0,15.0,4.0,11.0,8.0,5.0
28,No,791.0,Research & Development,1.0,4.0,44.0,3.0,1.0,Laboratory Technician,3.0,2154.0,6842.0,0.0,Yes,11.0,3.0,3.0,5.0,2.0,4.0,2.0,0.0
44,No,1199.0,Research & Development,4.0,3.0,92.0,4.0,5.0,Manager,1.0,19190.0,17477.0,1.0,No,14.0,3.0,4.0,26.0,2.0,25.0,9.0,14.0
34,No,648.0,Human Resources,11.0,3.0,56.0,2.0,2.0,Human Resources,2.0,4490.0,21833.0,4.0,No,11.0,3.0,4.0,14.0,4.0,10.0,9.0,1.0
35,No,735.0,Research & Development,6.0,3.0,66.0,3.0,1.0,Research Scientist,3.0,3506.0,6020.0,0.0,Yes,14.0,3.0,4.0,4.0,3.0,3.0,2.0,2.0
42,No,603.0,Research & Development,7.0,2.0,78.0,4.0,2.0,Research Scientist,2.0,2372.0,5628.0,6.0,Yes,16.0,3.0,4.0,18.0,3.0,1.0,0.0,0.0
43,No,531.0,Sales,4.0,4.0,56.0,2.0,3.0,Sales Executive,4.0,10231.0,20364.0,3.0,No,14.0,3.0,4.0,23.0,4.0,21.0,7.0,15.0
36,No,429.0,Research & Development,2.0,3.0,53.0,3.0,2.0,Manufacturing Director,2.0,5410.0,2323.0,9.0,Yes,11.0,3.0,4.0,18.0,3.0,16.0,14.0,5.0
44,Yes,621.0,Research & Development,15.0,1.0,73.0,3.0,3.0,Healthcare Representative,4.0,7978.0,14075.0,1.0,No,11.0,3.0,4.0,10.0,3.0,10.0,7.0,0.0
28,No,193.0,Research & Development,2.0,4.0,52.0,2.0,1.0,Laboratory Technician,4.0,3867.0,14222.0,1.0,Yes,12.0,3.0,2.0,2.0,3.0,2.0,2.0,2.0
51,No,968.0,Research & Development,6.0,2.0,40.0,2.0,1.0,Laboratory Technician,3.0,2838.0,4257.0,0.0,No,14.0,3.0,2.0,8.0,2.0,7.0,0.0,7.0
30,No,879.0,Research & Development,9.0,3.0,72.0,3.0,2.0,Manufacturing Director,3.0,4695.0,12858.0,7.0,Yes,18.0,3.0,3.0,10.0,3.0,8.0,4.0,1.0
29,Yes,806.0,Research & Development,7.0,2.0,39.0,3.0,1.0,Laboratory Technician,3.0,3339.0,17285.0,3.0,Yes,13.0,3.0,1.0,10.0,3.0,7.0,7.0,7.0
28,No,640.0,Research & Development,1.0,4.0,84.0,3.0,1.0,Research Scientist,1.0,2080.0,4732.0,2.0,No,11.0,3.0,2.0,5.0,2.0,3.0,2.0,1.0
25,No,266.0,Research & Development,1.0,4.0,40.0,3.0,1.0,Research Scientist,2.0,2096.0,18830.0,1.0,No,18.0,3.0,4.0,2.0,2.0,2.0,2.0,2.0
32,No,604.0,Sales,8.0,3.0,56.0,4.0,2.0,Sales Executive,4.0,6209.0,11693.0,1.0,No,15.0,3.0,3.0,10.0,4.0,10.0,7.0,0.0
45,No,364.0,Research & Development,25.0,2.0,83.0,3.0,5.0,Manager,2.0,18061.0,13035.0,3.0,No,22.0,4.0,3.0,22.0,3.0,0.0,0.0,0.0
39,No,412.0,Research & Development,13.0,3.0,94.0,2.0,4.0,Manager,2.0,17123.0,17334.0,6.0,Yes,13.0,3.0,4.0,21.0,3.0,19.0,9.0,15.0
58,No,848.0,Research & Development,23.0,1.0,88.0,3.0,1.0,Research Scientist,3.0,2372.0,26076.0,1.0,No,12.0,3.0,4.0,2.0,3.0,2.0,2.0,2.0
32,Yes,1089.0,Research & Development,7.0,4.0,79.0,3.0,2.0,Laboratory Technician,3.0,4883.0,22845.0,1.0,No,18.0,3.0,1.0,10.0,3.0,10.0,4.0,1.0
39,Yes,360.0,Research & Development,23.0,3.0,93.0,3.0,1.0,Research Scientist,1.0,3904.0,22154.0,0.0,No,13.0,3.0,1.0,6.0,3.0,5.0,2.0,0.0
30,No,1138.0,Research & Development,6.0,1.0,48.0,2.0,2.0,Laboratory Technician,4.0,4627.0,23631.0,0.0,No,12.0,3.0,1.0,10.0,3.0,9.0,2.0,6.0
36,No,325.0,Research & Development,10.0,4.0,63.0,3.0,3.0,Healthcare Representative,3.0,7094.0,5747.0,3.0,No,12.0,3.0,1.0,10.0,3.0,7.0,7.0,1.0
46,No,991.0,Human Resources,1.0,4.0,44.0,3.0,1.0,Human Resources,1.0,3423.0,22957.0,6.0,No,12.0,3.0,3.0,10.0,4.0,7.0,6.0,5.0
28,No,1476.0,Research & Development,1.0,3.0,55.0,1.0,2.0,Laboratory Technician,4.0,6674.0,16392.0,0.0,No,11.0,3.0,1.0,10.0,3.0,9.0,8.0,7.0
50,No,1322.0,Research & Development,28.0,4.0,43.0,3.0,4.0,Research Director,1.0,16880.0,22422.0,4.0,Yes,11.0,3.0,2.0,25.0,3.0,3.0,2.0,1.0
40,Yes,299.0,Sales,25.0,4.0,57.0,2.0,3.0,Sales Executive,2.0,9094.0,17235.0,2.0,Yes,12.0,3.0,3.0,9.0,3.0,5.0,4.0,1.0
52,Yes,1030.0,Sales,5.0,2.0,64.0,3.0,3.0,Sales Executive,2.0,8446.0,21534.0,9.0,Yes,19.0,3.0,3.0,10.0,2.0,8.0,7.0,7.0
30,No,634.0,Research & Development,17.0,2.0,95.0,3.0,3.0,Manager,1.0,11916.0,25927.0,1.0,Yes,23.0,4.0,4.0,9.0,3.0,9.0,1.0,0.0
39,No,524.0,Research & Development,18.0,1.0,32.0,3.0,2.0,Manufacturing Director,3.0,4534.0,13352.0,0.0,No,11.0,3.0,1.0,9.0,3.0,8.0,7.0,1.0
31,No,587.0,Sales,2.0,4.0,57.0,3.0,3.0,Sales Executive,3.0,9852.0,8935.0,1.0,Yes,19.0,3.0,1.0,10.0,2.0,10.0,8.0,9.0
41,No,256.0,Sales,10.0,3.0,40.0,1.0,2.0,Sales Executive,2.0,6151.0,22074.0,1.0,No,13.0,3.0,1.0,19.0,3.0,19.0,2.0,11.0
31,Yes,1060.0,Sales,1.0,4.0,54.0,3.0,1.0,Sales Representative,2.0,2302.0,8319.0,1.0,Yes,11.0,3.0,1.0,3.0,4.0,3.0,2.0,2.0
44,Yes,935.0,Research & Development,3.0,1.0,89.0,3.0,1.0,Laboratory Technician,1.0,2362.0,14669.0,4.0,No,12.0,3.0,3.0,10.0,4.0,3.0,2.0,1.0
42,No,495.0,Research & Development,2.0,3.0,37.0,3.0,4.0,Manager,3.0,17861.0,26582.0,0.0,Yes,13.0,3.0,4.0,21.0,2.0,20.0,8.0,2.0
55,No,282.0,Research & Development,2.0,4.0,58.0,1.0,5.0,Manager,3.0,19187.0,6992.0,4.0,No,14.0,3.0,4.0,23.0,3.0,19.0,9.0,9.0
56,No,206.0,Human Resources,8.0,4.0,99.0,3.0,5.0,Manager,2.0,19717.0,4022.0,6.0,No,14.0,3.0,1.0,36.0,3.0,7.0,3.0,7.0
40,No,458.0,Research & Development,16.0,3.0,74.0,3.0,1.0,Research Scientist,3.0,3544.0,8532.0,9.0,No,16.0,3.0,2.0,6.0,3.0,4.0,2.0,0.0
34,No,943.0,Research & Development,9.0,4.0,86.0,3.0,3.0,Healthcare Representative,4.0,8500.0,5494.0,0.0,No,11.0,3.0,4.0,10.0,2.0,9.0,7.0,1.0
40,No,523.0,Research & Development,2.0,3.0,98.0,3.0,2.0,Research Scientist,4.0,4661.0,22455.0,1.0,No,13.0,3.0,3.0,9.0,3.0,9.0,8.0,8.0
41,No,1018.0,Sales,1.0,3.0,66.0,3.0,2.0,Sales Executive,1.0,4103.0,4297.0,0.0,No,17.0,3.0,4.0,10.0,3.0,9.0,3.0,1.0
35,No,482.0,Research & Development,4.0,3.0,87.0,3.0,2.0,Research Scientist,3.0,4249.0,2690.0,1.0,Yes,11.0,3.0,2.0,9.0,3.0,9.0,6.0,1.0
51,No,770.0,Human Resources,5.0,3.0,84.0,3.0,4.0,Manager,2.0,14026.0,17588.0,1.0,Yes,11.0,3.0,2.0,33.0,3.0,33.0,9.0,0.0
38,No,1009.0,Sales,2.0,2.0,31.0,3.0,2.0,Sales Executive,1.0,6893.0,19461.0,3.0,No,15.0,3.0,4.0,11.0,3.0,7.0,7.0,1.0
34,No,507.0,Sales,15.0,3.0,66.0,3.0,2.0,Sales Executive,1.0,6125.0,23553.0,1.0,No,12.0,3.0,4.0,10.0,4.0,10.0,8.0,9.0
25,No,882.0,Research & Development,19.0,4.0,67.0,3.0,1.0,Laboratory Technician,4.0,3669.0,9075.0,3.0,No,11.0,3.0,3.0,7.0,2.0,3.0,2.0,1.0
58,Yes,601.0,Research & Development,7.0,3.0,53.0,2.0,3.0,Manufacturing Director,1.0,10008.0,12023.0,7.0,Yes,14.0,3.0,4.0,31.0,2.0,10.0,9.0,5.0
40,No,329.0,Research & Development,1.0,2.0,88.0,3.0,1.0,Laboratory Technician,2.0,2387.0,6762.0,3.0,No,22.0,4.0,3.0,7.0,3.0,4.0,2.0,0.0
36,No,607.0,Sales,7.0,1.0,83.0,4.0,2.0,Sales Executive,1.0,4639.0,2261.0,2.0,No,16.0,3.0,4.0,17.0,2.0,15.0,7.0,6.0
48,No,855.0,Research & Development,4.0,4.0,54.0,3.0,3.0,Manufacturing Director,4.0,7898.0,18706.0,1.0,No,11.0,3.0,3.0,11.0,3.0,10.0,9.0,0.0
27,No,1291.0,Sales,11.0,3.0,98.0,4.0,1.0,Sales Representative,4.0,2534.0,6527.0,8.0,No,14.0,3.0,2.0,5.0,3.0,1.0,0.0,0.0
51,No,1405.0,Research & Development,11.0,4.0,82.0,2.0,4.0,Manufacturing Director,2.0,13142.0,24439.0,3.0,No,16.0,3.0,2.0,29.0,2.0,5.0,2.0,0.0
18,No,1124.0,Research & Development,1.0,4.0,97.0,3.0,1.0,Laboratory Technician,4.0,1611.0,19305.0,1.0,No,15.0,3.0,3.0,0.0,4.0,0.0,0.0,0.0
35,No,817.0,Research & Development,1.0,4.0,60.0,2.0,2.0,Laboratory Technician,4.0,5363.0,10846.0,0.0,No,12.0,3.0,2.0,10.0,3.0,9.0,7.0,0.0
27,No,793.0,Sales,2.0,4.0,43.0,1.0,2.0,Sales Executive,4.0,5071.0,20392.0,3.0,No,20.0,4.0,2.0,8.0,3.0,6.0,2.0,0.0
55,Yes,267.0,Sales,13.0,1.0,85.0,4.0,4.0,Sales Executive,3.0,13695.0,9277.0,6.0,Yes,17.0,3.0,3.0,24.0,2.0,19.0,7.0,3.0
56,No,1369.0,Research & Development,23.0,4.0,68.0,3.0,4.0,Manufacturing Director,2.0,13402.0,18235.0,4.0,Yes,12.0,3.0,1.0,33.0,3.0,19.0,16.0,15.0
34,No,999.0,Research & Development,26.0,1.0,92.0,2.0,1.0,Research Scientist,3.0,2029.0,15891.0,1.0,No,20.0,4.0,3.0,5.0,3.0,5.0,4.0,0.0
40,No,1202.0,Research & Development,2.0,2.0,89.0,4.0,2.0,Healthcare Representative,3.0,6377.0,13888.0,5.0,No,20.0,4.0,2.0,15.0,3.0,12.0,11.0,11.0
34,No,285.0,Research & Development,29.0,2.0,86.0,3.0,2.0,Laboratory Technician,3.0,5429.0,17491.0,4.0,No,13.0,3.0,1.0,10.0,3.0,8.0,7.0,7.0
31,Yes,703.0,Sales,2.0,3.0,90.0,2.0,1.0,Sales Representative,4.0,2785.0,11882.0,7.0,No,14.0,3.0,3.0,3.0,4.0,1.0,0.0,0.0
35,Yes,662.0,Sales,18.0,4.0,67.0,3.0,2.0,Sales Executive,3.0,4614.0,23288.0,0.0,Yes,18.0,3.0,3.0,5.0,2.0,4.0,2.0,3.0
38,No,693.0,Research & Development,7.0,4.0,57.0,4.0,1.0,Research Scientist,3.0,2610.0,15748.0,1.0,No,11.0,3.0,4.0,4.0,3.0,4.0,2.0,0.0
34,No,404.0,Research & Development,2.0,3.0,98.0,3.0,2.0,Healthcare Representative,4.0,6687.0,6163.0,1.0,No,11.0,3.0,4.0,14.0,4.0,14.0,11.0,4.0
28,No,736.0,Sales,26.0,3.0,48.0,2.0,2.0,Sales Executive,1.0,4724.0,24232.0,1.0,No,11.0,3.0,3.0,5.0,3.0,5.0,3.0,0.0
31,Yes,330.0,Research & Development,22.0,4.0,98.0,3.0,2.0,Manufacturing Director,3.0,6179.0,21057.0,1.0,Yes,15.0,3.0,4.0,10.0,2.0,10.0,2.0,6.0
39,No,1498.0,Sales,21.0,1.0,44.0,2.0,2.0,Sales Executive,4.0,6120.0,3567.0,3.0,Yes,12.0,3.0,4.0,8.0,4.0,5.0,4.0,1.0
51,No,541.0,Sales,2.0,2.0,52.0,3.0,3.0,Sales Executive,2.0,10596.0,15395.0,2.0,No,11.0,3.0,2.0,14.0,3.0,4.0,2.0,3.0
41,No,1200.0,Research & Development,22.0,4.0,75.0,3.0,2.0,Research Scientist,4.0,5467.0,13953.0,3.0,Yes,14.0,3.0,1.0,12.0,2.0,6.0,2.0,3.0
37,No,1439.0,Research & Development,4.0,3.0,54.0,3.0,1.0,Research Scientist,3.0,2996.0,5182.0,7.0,Yes,15.0,3.0,4.0,8.0,3.0,6.0,4.0,1.0
33,No,1111.0,Sales,5.0,2.0,61.0,3.0,2.0,Sales Executive,4.0,9998.0,19293.0,6.0,No,13.0,3.0,1.0,8.0,4.0,5.0,4.0,1.0
32,No,499.0,Sales,2.0,3.0,36.0,3.0,2.0,Sales Executive,2.0,4078.0,20497.0,0.0,Yes,13.0,3.0,1.0,4.0,2.0,3.0,2.0,1.0
39,No,1485.0,Research & Development,25.0,3.0,71.0,3.0,3.0,Healthcare Representative,3.0,10920.0,3449.0,3.0,No,21.0,4.0,2.0,13.0,3.0,6.0,4.0,0.0
25,No,1372.0,Sales,18.0,1.0,93.0,4.0,2.0,Sales Executive,3.0,6232.0,12477.0,2.0,No,11.0,3.0,2.0,6.0,2.0,3.0,2.0,1.0
52,No,322.0,Research & Development,28.0,4.0,59.0,4.0,4.0,Manufacturing Director,3.0,13247.0,9731.0,2.0,Yes,11.0,3.0,2.0,24.0,2.0,5.0,3.0,0.0
43,No,930.0,Research & Development,6.0,1.0,73.0,2.0,2.0,Research Scientist,3.0,4081.0,20003.0,1.0,Yes,14.0,3.0,1.0,20.0,1.0,20.0,7.0,1.0
27,No,205.0,Sales,10.0,4.0,98.0,2.0,2.0,Sales Executive,4.0,5769.0,7100.0,1.0,Yes,11.0,3.0,4.0,6.0,3.0,6.0,2.0,4.0
27,Yes,135.0,Research & Development,17.0,4.0,51.0,3.0,1.0,Research Scientist,3.0,2394.0,25681.0,1.0,Yes,13.0,3.0,4.0,8.0,3.0,8.0,2.0,7.0
26,No,683.0,Research & Development,2.0,1.0,36.0,2.0,1.0,Research Scientist,4.0,3904.0,4050.0,0.0,No,12.0,3.0,4.0,5.0,3.0,4.0,3.0,1.0
42,No,1147.0,Human Resources,10.0,3.0,31.0,3.0,4.0,Manager,1.0,16799.0,16616.0,0.0,No,14.0,3.0,3.0,21.0,3.0,20.0,7.0,0.0
52,No,258.0,Research & Development,8.0,3.0,54.0,3.0,1.0,Laboratory Technician,1.0,2950.0,17363.0,9.0,No,13.0,3.0,3.0,12.0,1.0,5.0,4.0,0.0
37,No,1462.0,Research & Development,11.0,1.0,94.0,3.0,1.0,Laboratory Technician,3.0,3629.0,19106.0,4.0,No,18.0,3.0,1.0,8.0,3.0,3.0,2.0,0.0
35,No,200.0,Research & Development,18.0,3.0,60.0,3.0,3.0,Manufacturing Director,4.0,9362.0,19944.0,2.0,No,11.0,3.0,3.0,10.0,3.0,2.0,2.0,2.0
25,No,949.0,Research & Development,1.0,1.0,81.0,3.0,1.0,Laboratory Technician,4.0,3229.0,4910.0,4.0,No,11.0,3.0,2.0,7.0,2.0,3.0,2.0,0.0
26,No,652.0,Research & Development,7.0,3.0,100.0,4.0,1.0,Laboratory Technician,1.0,3578.0,23577.0,0.0,No,12.0,3.0,4.0,8.0,3.0,7.0,7.0,0.0
29,No,332.0,Human Resources,17.0,2.0,51.0,2.0,3.0,Human Resources,1.0,7988.0,9769.0,1.0,No,13.0,3.0,1.0,10.0,2.0,10.0,9.0,0.0
49,Yes,1475.0,Research & Development,28.0,1.0,97.0,2.0,2.0,Laboratory Technician,1.0,4284.0,22710.0,3.0,No,20.0,4.0,1.0,20.0,3.0,4.0,3.0,1.0
29,Yes,337.0,Research & Development,14.0,3.0,84.0,3.0,3.0,Healthcare Representative,4.0,7553.0,22930.0,0.0,Yes,12.0,3.0,1.0,9.0,3.0,8.0,7.0,7.0
54,No,971.0,Research & Development,1.0,4.0,54.0,3.0,4.0,Research Director,4.0,17328.0,5652.0,6.0,No,19.0,3.0,4.0,29.0,2.0,20.0,7.0,12.0
58,No,1055.0,Research & Development,1.0,4.0,76.0,3.0,5.0,Research Director,1.0,19701.0,22456.0,3.0,Yes,21.0,4.0,3.0,32.0,3.0,9.0,8.0,1.0
55,No,1136.0,Research & Development,1.0,2.0,81.0,4.0,4.0,Research Director,4.0,14732.0,12414.0,2.0,No,13.0,3.0,4.0,31.0,4.0,7.0,7.0,0.0
36,No,1174.0,Sales,3.0,1.0,99.0,3.0,2.0,Sales Executive,2.0,9278.0,20763.0,3.0,Yes,16.0,3.0,4.0,15.0,3.0,5.0,4.0,0.0
31,Yes,667.0,Sales,1.0,2.0,50.0,1.0,1.0,Sales Representative,3.0,1359.0,16154.0,1.0,No,12.0,3.0,2.0,1.0,3.0,1.0,0.0,0.0
30,No,855.0,Sales,7.0,4.0,73.0,3.0,2.0,Sales Executive,1.0,4779.0,12761.0,7.0,No,14.0,3.0,2.0,8.0,3.0,3.0,2.0,0.0
31,No,182.0,Research & Development,8.0,1.0,93.0,3.0,4.0,Research Director,2.0,16422.0,8847.0,3.0,No,11.0,3.0,3.0,9.0,4.0,3.0,2.0,1.0
34,No,560.0,Research & Development,1.0,4.0,91.0,3.0,1.0,Research Scientist,1.0,2996.0,20284.0,5.0,No,14.0,3.0,3.0,10.0,3.0,4.0,3.0,1.0
31,Yes,202.0,Research & Development,8.0,1.0,34.0,2.0,1.0,Research Scientist,2.0,1261.0,22262.0,1.0,No,12.0,3.0,3.0,1.0,4.0,1.0,0.0,0.0
27,No,1377.0,Research & Development,11.0,2.0,91.0,3.0,1.0,Laboratory Technician,1.0,2099.0,7679.0,0.0,No,14.0,3.0,2.0,6.0,4.0,5.0,0.0,1.0
36,No,172.0,Research & Development,4.0,1.0,37.0,2.0,2.0,Laboratory Technician,4.0,5810.0,22604.0,1.0,No,16.0,3.0,3.0,10.0,2.0,10.0,4.0,1.0
36,No,329.0,Sales,16.0,3.0,98.0,2.0,2.0,Sales Executive,1.0,5647.0,13494.0,4.0,No,13.0,3.0,1.0,11.0,2.0,3.0,2.0,0.0
47,No,465.0,Research & Development,1.0,1.0,74.0,3.0,1.0,Research Scientist,4.0,3420.0,10205.0,7.0,No,12.0,3.0,3.0,17.0,2.0,6.0,5.0,1.0
25,Yes,383.0,Sales,9.0,1.0,68.0,2.0,1.0,Sales Representative,1.0,4400.0,15182.0,3.0,No,12.0,3.0,1.0,6.0,3.0,3.0,2.0,2.0
37,No,1413.0,Research & Development,5.0,3.0,84.0,4.0,1.0,Laboratory Technician,3.0,3500.0,25470.0,0.0,No,14.0,3.0,1.0,7.0,1.0,6.0,5.0,1.0
56,No,1255.0,Research & Development,1.0,1.0,90.0,3.0,1.0,Research Scientist,1.0,2066.0,10494.0,2.0,No,22.0,4.0,4.0,5.0,4.0,3.0,2.0,1.0
47,No,359.0,Research & Development,2.0,1.0,82.0,3.0,4.0,Research Director,3.0,17169.0,26703.0,3.0,No,19.0,3.0,2.0,26.0,4.0,20.0,17.0,5.0
24,No,1476.0,Sales,4.0,4.0,42.0,3.0,2.0,Sales Executive,3.0,4162.0,15211.0,1.0,Yes,12.0,3.0,3.0,5.0,3.0,5.0,4.0,0.0
32,No,601.0,Sales,7.0,4.0,97.0,3.0,2.0,Sales Executive,4.0,9204.0,23343.0,4.0,No,12.0,3.0,3.0,7.0,2.0,4.0,3.0,0.0
34,No,401.0,Research & Development,1.0,4.0,86.0,2.0,1.0,Laboratory Technician,2.0,3294.0,3708.0,5.0,No,17.0,3.0,1.0,7.0,2.0,5.0,4.0,0.0
41,No,1283.0,Research & Development,5.0,2.0,90.0,4.0,1.0,Research Scientist,3.0,2127.0,5561.0,2.0,Yes,12.0,3.0,1.0,7.0,2.0,4.0,2.0,0.0
40,No,663.0,Research & Development,9.0,3.0,81.0,3.0,2.0,Laboratory Technician,3.0,3975.0,23099.0,3.0,No,11.0,3.0,3.0,11.0,4.0,8.0,7.0,0.0
31,No,326.0,Sales,8.0,1.0,31.0,3.0,3.0,Sales Executive,4.0,10793.0,8386.0,1.0,No,18.0,3.0,1.0,13.0,3.0,13.0,7.0,9.0
46,Yes,377.0,Sales,9.0,1.0,52.0,3.0,3.0,Sales Executive,4.0,10096.0,15986.0,4.0,No,11.0,3.0,1.0,28.0,4.0,7.0,7.0,4.0
39,Yes,592.0,Research & Development,2.0,1.0,54.0,2.0,1.0,Laboratory Technician,1.0,3646.0,17181.0,2.0,Yes,23.0,4.0,2.0,11.0,4.0,1.0,0.0,0.0
31,Yes,1445.0,Research & Development,1.0,3.0,100.0,4.0,3.0,Manufacturing Director,2.0,7446.0,8931.0,1.0,No,11.0,3.0,1.0,10.0,3.0,10.0,8.0,4.0
45,No,1038.0,Research & Development,20.0,2.0,95.0,1.0,3.0,Healthcare Representative,1.0,10851.0,19863.0,2.0,Yes,18.0,3.0,2.0,24.0,3.0,7.0,7.0,0.0
31,No,1398.0,Human Resources,8.0,4.0,96.0,4.0,1.0,Human Resources,2.0,2109.0,24609.0,9.0,No,18.0,3.0,4.0,8.0,3.0,3.0,2.0,0.0
31,Yes,523.0,Research & Development,2.0,2.0,94.0,3.0,1.0,Laboratory Technician,4.0,3722.0,21081.0,6.0,Yes,13.0,3.0,3.0,7.0,1.0,2.0,2.0,2.0
45,No,1448.0,Research & Development,29.0,2.0,55.0,3.0,3.0,Manufacturing Director,4.0,9380.0,14720.0,4.0,Yes,18.0,3.0,4.0,10.0,4.0,3.0,1.0,1.0
48,No,1221.0,Sales,7.0,3.0,96.0,3.0,2.0,Sales Executive,1.0,5486.0,24795.0,4.0,No,11.0,3.0,1.0,15.0,3.0,2.0,2.0,2.0
34,Yes,1107.0,Human Resources,9.0,1.0,52.0,3.0,1.0,Human Resources,3.0,2742.0,3072.0,1.0,No,15.0,3.0,4.0,2.0,3.0,2.0,2.0,2.0
40,No,218.0,Research & Development,8.0,4.0,55.0,2.0,3.0,Research Director,2.0,13757.0,25178.0,2.0,No,11.0,3.0,3.0,16.0,3.0,9.0,8.0,4.0
28,No,866.0,Sales,5.0,4.0,84.0,3.0,2.0,Sales Executive,1.0,8463.0,23490.0,0.0,No,18.0,3.0,4.0,6.0,3.0,5.0,4.0,1.0
44,No,981.0,Research & Development,5.0,3.0,90.0,2.0,1.0,Laboratory Technician,3.0,3162.0,7973.0,3.0,No,14.0,3.0,4.0,7.0,3.0,5.0,2.0,0.0
53,No,447.0,Research & Development,2.0,4.0,39.0,4.0,4.0,Research Director,2.0,16598.0,19764.0,4.0,No,12.0,3.0,2.0,35.0,2.0,9.0,8.0,8.0
49,No,1495.0,Research & Development,5.0,1.0,96.0,3.0,2.0,Healthcare Representative,3.0,6651.0,21534.0,2.0,No,14.0,3.0,2.0,20.0,2.0,3.0,2.0,1.0
40,No,896.0,Research & Development,2.0,3.0,68.0,3.0,1.0,Research Scientist,3.0,2345.0,8045.0,2.0,No,14.0,3.0,3.0,8.0,4.0,3.0,1.0,1.0
44,No,1467.0,Research & Development,20.0,4.0,49.0,3.0,1.0,Research Scientist,2.0,3420.0,21158.0,1.0,No,13.0,3.0,3.0,6.0,2.0,5.0,2.0,1.0
33,No,430.0,Sales,7.0,4.0,54.0,3.0,2.0,Sales Executive,1.0,4373.0,17456.0,0.0,No,14.0,3.0,1.0,5.0,3.0,4.0,3.0,0.0
34,No,1326.0,Sales,3.0,4.0,81.0,1.0,2.0,Sales Executive,1.0,4759.0,15891.0,3.0,No,18.0,3.0,4.0,15.0,3.0,13.0,9.0,3.0
30,No,1358.0,Sales,16.0,4.0,96.0,3.0,2.0,Sales Executive,3.0,5301.0,2939.0,8.0,No,15.0,3.0,3.0,4.0,2.0,2.0,1.0,2.0
42,No,748.0,Research & Development,9.0,1.0,74.0,3.0,1.0,Laboratory Technician,4.0,3673.0,16458.0,1.0,No,13.0,3.0,3.0,12.0,3.0,12.0,9.0,5.0
44,No,383.0,Sales,1.0,1.0,79.0,3.0,2.0,Sales Executive,3.0,4768.0,9282.0,7.0,No,12.0,3.0,3.0,11.0,2.0,1.0,0.0,0.0
30,No,990.0,Research & Development,7.0,3.0,64.0,3.0,1.0,Research Scientist,3.0,1274.0,7152.0,1.0,No,13.0,3.0,2.0,1.0,2.0,1.0,0.0,0.0
57,No,405.0,Research & Development,1.0,2.0,93.0,4.0,2.0,Research Scientist,3.0,4900.0,2721.0,0.0,No,24.0,4.0,1.0,13.0,2.0,12.0,9.0,2.0
49,No,1490.0,Research & Development,7.0,3.0,35.0,3.0,3.0,Healthcare Representative,2.0,10466.0,20948.0,3.0,No,14.0,3.0,2.0,29.0,3.0,8.0,7.0,0.0
34,No,829.0,Research & Development,15.0,2.0,71.0,3.0,4.0,Research Director,1.0,17007.0,11929.0,7.0,No,14.0,3.0,4.0,16.0,2.0,14.0,8.0,6.0
28,Yes,1496.0,Sales,1.0,1.0,92.0,3.0,1.0,Sales Representative,3.0,2909.0,15747.0,3.0,No,15.0,3.0,4.0,5.0,4.0,3.0,2.0,1.0
29,Yes,115.0,Sales,13.0,1.0,51.0,3.0,2.0,Sales Executive,2.0,5765.0,17485.0,5.0,No,11.0,3.0,1.0,7.0,1.0,5.0,3.0,0.0
34,Yes,790.0,Sales,24.0,1.0,40.0,2.0,2.0,Sales Executive,2.0,4599.0,7815.0,0.0,Yes,23.0,4.0,3.0,16.0,4.0,15.0,9.0,10.0
35,No,660.0,Sales,7.0,4.0,76.0,3.0,1.0,Sales Representative,3.0,2404.0,16192.0,1.0,No,13.0,3.0,1.0,1.0,3.0,1.0,0.0,0.0
24,Yes,381.0,Research & Development,9.0,2.0,89.0,3.0,1.0,Laboratory Technician,1.0,3172.0,16998.0,2.0,Yes,11.0,3.0,3.0,4.0,2.0,0.0,0.0,0.0
24,No,830.0,Sales,13.0,4.0,78.0,3.0,1.0,Sales Representative,2.0,2033.0,7103.0,1.0,No,13.0,3.0,3.0,1.0,3.0,1.0,0.0,0.0
44,No,1193.0,Research & Development,2.0,2.0,86.0,3.0,3.0,Manufacturing Director,3.0,10209.0,19719.0,5.0,Yes,18.0,3.0,2.0,16.0,2.0,2.0,2.0,2.0
29,No,1246.0,Sales,19.0,3.0,77.0,2.0,2.0,Sales Executive,3.0,8620.0,23757.0,1.0,No,14.0,3.0,3.0,10.0,3.0,10.0,7.0,0.0
30,No,330.0,Human Resources,1.0,3.0,46.0,3.0,1.0,Human Resources,3.0,2064.0,15428.0,0.0,No,21.0,4.0,1.0,6.0,4.0,5.0,3.0,1.0
55,No,1229.0,Research & Development,4.0,4.0,30.0,3.0,2.0,Healthcare Representative,3.0,4035.0,16143.0,0.0,Yes,16.0,3.0,2.0,4.0,3.0,3.0,2.0,1.0
33,No,1099.0,Research & Development,4.0,1.0,82.0,2.0,1.0,Laboratory Technician,2.0,3838.0,8192.0,8.0,No,11.0,3.0,4.0,8.0,3.0,5.0,4.0,0.0
47,No,571.0,Sales,14.0,3.0,78.0,3.0,2.0,Sales Executive,3.0,4591.0,24200.0,3.0,Yes,17.0,3.0,3.0,11.0,2.0,5.0,4.0,1.0
28,Yes,289.0,Research & Development,2.0,3.0,38.0,2.0,1.0,Laboratory Technician,1.0,2561.0,5355.0,7.0,No,11.0,3.0,3.0,8.0,2.0,0.0,0.0,0.0
28,No,1423.0,Research & Development,1.0,1.0,72.0,2.0,1.0,Research Scientist,3.0,1563.0,12530.0,1.0,No,14.0,3.0,4.0,1.0,1.0,1.0,0.0,0.0
28,No,467.0,Sales,7.0,3.0,55.0,3.0,2.0,Sales Executive,1.0,4898.0,11827.0,0.0,No,14.0,3.0,4.0,5.0,3.0,4.0,2.0,1.0
49,No,271.0,Research & Development,3.0,3.0,43.0,2.0,2.0,Laboratory Technician,1.0,4789.0,23070.0,4.0,No,25.0,4.0,1.0,10.0,3.0,3.0,2.0,1.0
29,No,410.0,Research & Development,2.0,4.0,97.0,3.0,1.0,Laboratory Technician,2.0,3180.0,4668.0,0.0,No,13.0,3.0,3.0,4.0,3.0,3.0,2.0,0.0
28,No,1083.0,Research & Development,29.0,3.0,96.0,1.0,2.0,Manufacturing Director,2.0,6549.0,3173.0,1.0,No,14.0,3.0,2.0,8.0,2.0,8.0,6.0,1.0
33,No,516.0,Research & Development,8.0,4.0,69.0,3.0,2.0,Healthcare Representative,3.0,6388.0,22049.0,2.0,Yes,17.0,3.0,1.0,14.0,3.0,0.0,0.0,0.0
32,No,495.0,Research & Development,10.0,3.0,64.0,3.0,3.0,Manager,4.0,11244.0,21072.0,2.0,No,25.0,4.0,2.0,10.0,4.0,5.0,2.0,0.0
54,No,1050.0,Research & Development,11.0,2.0,87.0,3.0,4.0,Manager,4.0,16032.0,24456.0,3.0,No,20.0,4.0,1.0,26.0,3.0,14.0,9.0,1.0
29,Yes,224.0,Research & Development,1.0,1.0,100.0,2.0,1.0,Research Scientist,1.0,2362.0,7568.0,6.0,No,13.0,3.0,3.0,11.0,1.0,9.0,7.0,0.0
44,No,136.0,Research & Development,28.0,4.0,32.0,3.0,4.0,Research Director,1.0,16328.0,22074.0,3.0,No,13.0,3.0,3.0,24.0,4.0,20.0,6.0,14.0
39,No,1089.0,Research & Development,6.0,2.0,32.0,3.0,3.0,Manufacturing Director,2.0,8376.0,9150.0,4.0,No,18.0,3.0,4.0,9.0,3.0,2.0,0.0,2.0
46,No,228.0,Sales,3.0,3.0,51.0,3.0,4.0,Manager,2.0,16606.0,11380.0,8.0,No,12.0,3.0,4.0,23.0,4.0,13.0,12.0,5.0
35,No,1029.0,Research & Development,16.0,4.0,91.0,2.0,3.0,Healthcare Representative,2.0,8606.0,21195.0,1.0,No,19.0,3.0,4.0,11.0,1.0,11.0,8.0,3.0
23,No,507.0,Research & Development,20.0,1.0,97.0,3.0,2.0,Laboratory Technician,3.0,2272.0,24812.0,0.0,No,14.0,3.0,2.0,5.0,3.0,4.0,3.0,1.0
40,Yes,676.0,Research & Development,9.0,4.0,86.0,3.0,1.0,Laboratory Technician,1.0,2018.0,21831.0,3.0,No,14.0,3.0,2.0,15.0,1.0,5.0,4.0,1.0
34,No,971.0,Sales,1.0,4.0,64.0,2.0,3.0,Sales Executive,3.0,7083.0,12288.0,1.0,Yes,14.0,3.0,4.0,10.0,3.0,10.0,9.0,8.0
31,Yes,561.0,Research & Development,3.0,4.0,33.0,3.0,1.0,Research Scientist,3.0,4084.0,4156.0,1.0,No,12.0,3.0,1.0,7.0,1.0,7.0,2.0,7.0
50,No,333.0,Research & Development,22.0,3.0,88.0,1.0,4.0,Research Director,4.0,14411.0,24450.0,1.0,Yes,13.0,3.0,4.0,32.0,3.0,32.0,6.0,13.0
34,No,1440.0,Sales,7.0,2.0,55.0,3.0,1.0,Sales Representative,3.0,2308.0,4944.0,0.0,Yes,25.0,4.0,2.0,12.0,3.0,11.0,10.0,5.0
42,No,1210.0,Research & Development,2.0,3.0,68.0,2.0,1.0,Laboratory Technician,2.0,4841.0,24052.0,4.0,No,14.0,3.0,2.0,4.0,3.0,1.0,0.0,0.0
37,No,674.0,Research & Development,13.0,1.0,47.0,3.0,2.0,Research Scientist,4.0,4285.0,3031.0,1.0,No,17.0,3.0,1.0,10.0,3.0,10.0,8.0,3.0
29,No,441.0,Research & Development,8.0,3.0,39.0,1.0,2.0,Healthcare Representative,1.0,9715.0,7288.0,3.0,No,13.0,3.0,3.0,9.0,3.0,7.0,7.0,0.0
33,No,575.0,Research & Development,25.0,4.0,44.0,2.0,2.0,Manufacturing Director,2.0,4320.0,24152.0,1.0,No,13.0,3.0,4.0,5.0,3.0,5.0,3.0,0.0
45,No,950.0,Research & Development,28.0,4.0,97.0,3.0,1.0,Research Scientist,4.0,2132.0,4585.0,4.0,No,20.0,4.0,4.0,8.0,3.0,5.0,4.0,0.0
42,No,288.0,Research & Development,2.0,4.0,40.0,3.0,3.0,Healthcare Representative,4.0,10124.0,18611.0,2.0,Yes,14.0,3.0,3.0,24.0,1.0,20.0,8.0,13.0
40,No,1342.0,Sales,9.0,1.0,47.0,3.0,2.0,Sales Executive,1.0,5473.0,19345.0,0.0,No,12.0,3.0,4.0,9.0,4.0,8.0,4.0,7.0
33,No,589.0,Research & Development,28.0,2.0,79.0,3.0,2.0,Laboratory Technician,3.0,5207.0,22949.0,1.0,Yes,12.0,3.0,2.0,15.0,3.0,15.0,14.0,5.0
40,No,898.0,Human Resources,6.0,3.0,38.0,3.0,4.0,Manager,4.0,16437.0,17381.0,1.0,Yes,21.0,4.0,4.0,21.0,3.0,21.0,7.0,7.0
24,No,350.0,Research & Development,21.0,3.0,57.0,2.0,1.0,Laboratory Technician,1.0,2296.0,10036.0,0.0,No,14.0,3.0,2.0,2.0,3.0,1.0,1.0,0.0
40,No,1142.0,Research & Development,8.0,4.0,72.0,3.0,2.0,Healthcare Representative,4.0,4069.0,8841.0,3.0,Yes,18.0,3.0,3.0,8.0,3.0,2.0,2.0,2.0
45,No,538.0,Research & Development,1.0,1.0,66.0,3.0,3.0,Healthcare Representative,2.0,7441.0,20933.0,1.0,No,12.0,3.0,1.0,10.0,3.0,10.0,8.0,7.0
35,No,1402.0,Sales,28.0,2.0,98.0,2.0,1.0,Sales Representative,3.0,2430.0,26204.0,0.0,No,23.0,4.0,1.0,6.0,3.0,5.0,3.0,4.0
32,No,824.0,Research & Development,5.0,4.0,67.0,2.0,2.0,Research Scientist,2.0,5878.0,15624.0,3.0,No,12.0,3.0,1.0,12.0,3.0,7.0,1.0,2.0
36,No,1157.0,Sales,2.0,3.0,70.0,3.0,1.0,Sales Representative,4.0,2644.0,17001.0,3.0,Yes,21.0,4.0,4.0,7.0,2.0,3.0,2.0,1.0
48,No,492.0,Sales,16.0,3.0,96.0,3.0,2.0,Sales Executive,3.0,6439.0,13693.0,8.0,No,14.0,3.0,3.0,18.0,3.0,8.0,7.0,7.0
29,No,598.0,Research & Development,9.0,3.0,91.0,4.0,1.0,Research Scientist,3.0,2451.0,22376.0,6.0,No,18.0,3.0,1.0,5.0,2.0,1.0,0.0,0.0
33,No,1242.0,Sales,8.0,1.0,46.0,3.0,2.0,Sales Executive,1.0,6392.0,10589.0,2.0,No,13.0,3.0,4.0,8.0,1.0,2.0,2.0,2.0
30,Yes,740.0,Sales,1.0,2.0,64.0,2.0,2.0,Sales Executive,1.0,9714.0,5323.0,1.0,No,11.0,3.0,4.0,10.0,3.0,10.0,8.0,6.0
38,No,888.0,Human Resources,10.0,3.0,71.0,3.0,2.0,Human Resources,3.0,6077.0,14814.0,3.0,No,11.0,3.0,3.0,10.0,3.0,6.0,3.0,1.0
35,No,992.0,Research & Development,1.0,4.0,68.0,2.0,1.0,Laboratory Technician,1.0,2450.0,21731.0,1.0,No,19.0,3.0,2.0,3.0,3.0,3.0,0.0,1.0
30,No,1288.0,Sales,29.0,3.0,33.0,3.0,3.0,Sales Executive,2.0,9250.0,17799.0,3.0,No,12.0,3.0,2.0,9.0,3.0,4.0,2.0,1.0
35,Yes,104.0,Research & Development,2.0,1.0,69.0,3.0,1.0,Laboratory Technician,1.0,2074.0,26619.0,1.0,Yes,12.0,3.0,4.0,1.0,3.0,1.0,0.0,0.0
53,Yes,607.0,Research & Development,2.0,3.0,78.0,2.0,3.0,Manufacturing Director,4.0,10169.0,14618.0,0.0,No,16.0,3.0,2.0,34.0,3.0,33.0,7.0,1.0
38,Yes,903.0,Research & Development,2.0,3.0,81.0,3.0,2.0,Manufacturing Director,2.0,4855.0,7653.0,4.0,No,11.0,3.0,1.0,7.0,3.0,5.0,2.0,1.0
32,No,1200.0,Research & Development,1.0,4.0,62.0,3.0,2.0,Research Scientist,1.0,4087.0,25174.0,4.0,No,14.0,3.0,2.0,9.0,2.0,6.0,5.0,1.0
48,No,1108.0,Research & Development,15.0,3.0,65.0,3.0,1.0,Research Scientist,1.0,2367.0,16530.0,8.0,No,12.0,3.0,4.0,10.0,2.0,8.0,2.0,7.0
34,No,479.0,Research & Development,7.0,1.0,35.0,3.0,1.0,Research Scientist,4.0,2972.0,22061.0,1.0,No,13.0,3.0,3.0,1.0,1.0,1.0,0.0,0.0
55,No,685.0,Sales,26.0,3.0,60.0,2.0,5.0,Manager,4.0,19586.0,23037.0,1.0,No,21.0,4.0,3.0,36.0,3.0,36.0,6.0,2.0
34,No,1351.0,Research & Development,1.0,2.0,45.0,3.0,2.0,Research Scientist,4.0,5484.0,13008.0,9.0,No,17.0,3.0,2.0,9.0,2.0,2.0,2.0,2.0
26,No,474.0,Research & Development,3.0,1.0,89.0,3.0,1.0,Research Scientist,4.0,2061.0,11133.0,1.0,No,21.0,4.0,1.0,1.0,3.0,1.0,0.0,0.0
38,No,1245.0,Sales,14.0,3.0,80.0,3.0,2.0,Sales Executive,2.0,9924.0,12355.0,0.0,No,11.0,3.0,4.0,10.0,3.0,9.0,8.0,7.0
38,No,437.0,Sales,16.0,2.0,90.0,3.0,2.0,Sales Executive,2.0,4198.0,16379.0,2.0,No,12.0,3.0,2.0,8.0,4.0,3.0,2.0,1.0
36,No,884.0,Sales,1.0,2.0,73.0,3.0,2.0,Sales Executive,3.0,6815.0,21447.0,6.0,No,13.0,3.0,1.0,15.0,3.0,1.0,0.0,0.0
29,No,1370.0,Research & Development,3.0,2.0,87.0,3.0,1.0,Laboratory Technician,1.0,4723.0,16213.0,1.0,Yes,18.0,3.0,4.0,10.0,3.0,10.0,9.0,1.0
35,No,670.0,Research & Development,10.0,1.0,51.0,3.0,2.0,Healthcare Representative,3.0,6142.0,4223.0,3.0,Yes,16.0,3.0,3.0,10.0,3.0,5.0,2.0,0.0
39,No,1462.0,Sales,6.0,4.0,38.0,4.0,3.0,Sales Executive,3.0,8237.0,4658.0,2.0,No,11.0,3.0,1.0,11.0,3.0,7.0,6.0,7.0
29,No,995.0,Research & Development,2.0,1.0,87.0,3.0,2.0,Healthcare Representative,4.0,8853.0,24483.0,1.0,No,19.0,3.0,4.0,6.0,4.0,6.0,4.0,1.0
50,No,264.0,Sales,9.0,3.0,59.0,3.0,5.0,Manager,3.0,19331.0,19519.0,4.0,Yes,16.0,3.0,3.0,27.0,3.0,1.0,0.0,0.0
23,No,977.0,Research & Development,10.0,4.0,45.0,4.0,1.0,Research Scientist,3.0,2073.0,12826.0,2.0,No,16.0,3.0,4.0,4.0,3.0,2.0,2.0,2.0
36,No,1302.0,Research & Development,6.0,1.0,80.0,4.0,2.0,Laboratory Technician,1.0,5562.0,19711.0,3.0,Yes,13.0,3.0,4.0,9.0,3.0,3.0,2.0,0.0
42,No,1059.0,Research & Development,9.0,4.0,93.0,2.0,5.0,Manager,4.0,19613.0,26362.0,8.0,No,22.0,4.0,4.0,24.0,3.0,1.0,0.0,0.0
35,No,750.0,Research & Development,28.0,2.0,46.0,4.0,2.0,Laboratory Technician,3.0,3407.0,25348.0,1.0,No,17.0,3.0,4.0,10.0,2.0,10.0,9.0,6.0
34,No,653.0,Research & Development,10.0,4.0,92.0,2.0,2.0,Healthcare Representative,3.0,5063.0,15332.0,1.0,No,14.0,3.0,2.0,8.0,2.0,8.0,2.0,7.0
40,No,118.0,Sales,14.0,4.0,84.0,3.0,2.0,Sales Executive,1.0,4639.0,11262.0,1.0,No,15.0,3.0,3.0,5.0,3.0,5.0,4.0,1.0
43,No,990.0,Research & Development,27.0,4.0,87.0,4.0,1.0,Laboratory Technician,2.0,4876.0,5855.0,5.0,No,12.0,3.0,3.0,8.0,3.0,6.0,4.0,0.0
35,No,1349.0,Research & Development,7.0,3.0,63.0,2.0,1.0,Laboratory Technician,4.0,2690.0,7713.0,1.0,No,18.0,3.0,4.0,1.0,2.0,1.0,0.0,0.0
46,No,563.0,Sales,1.0,4.0,56.0,4.0,4.0,Manager,1.0,17567.0,3156.0,1.0,No,15.0,3.0,2.0,27.0,1.0,26.0,0.0,0.0
28,Yes,329.0,Research & Development,24.0,3.0,51.0,3.0,1.0,Laboratory Technician,2.0,2408.0,7324.0,1.0,Yes,17.0,3.0,3.0,1.0,3.0,1.0,1.0,0.0
22,No,457.0,Research & Development,26.0,2.0,85.0,2.0,1.0,Research Scientist,3.0,2814.0,10293.0,1.0,Yes,14.0,3.0,2.0,4.0,2.0,4.0,2.0,1.0
50,No,1234.0,Research & Development,20.0,2.0,41.0,3.0,4.0,Healthcare Representative,3.0,11245.0,20689.0,2.0,Yes,15.0,3.0,3.0,32.0,3.0,30.0,8.0,12.0
32,No,634.0,Research & Development,5.0,2.0,35.0,4.0,1.0,Research Scientist,4.0,3312.0,18783.0,3.0,No,17.0,3.0,4.0,6.0,3.0,3.0,2.0,0.0
44,No,1313.0,Research & Development,7.0,2.0,31.0,3.0,5.0,Research Director,4.0,19049.0,3549.0,0.0,Yes,14.0,3.0,4.0,23.0,2.0,22.0,7.0,1.0
30,No,241.0,Research & Development,7.0,2.0,48.0,2.0,1.0,Research Scientist,2.0,2141.0,5348.0,1.0,No,12.0,3.0,2.0,6.0,2.0,6.0,4.0,1.0
45,No,1015.0,Research & Development,5.0,3.0,50.0,1.0,2.0,Laboratory Technician,1.0,5769.0,23447.0,1.0,Yes,14.0,3.0,1.0,10.0,3.0,10.0,7.0,1.0
45,No,336.0,Sales,26.0,1.0,52.0,2.0,2.0,Sales Executive,1.0,4385.0,24162.0,1.0,No,15.0,3.0,1.0,10.0,3.0,10.0,7.0,4.0
31,No,715.0,Sales,2.0,4.0,54.0,3.0,2.0,Sales Executive,1.0,5332.0,21602.0,7.0,No,13.0,3.0,4.0,10.0,3.0,5.0,2.0,0.0
36,No,559.0,Research & Development,12.0,3.0,76.0,3.0,2.0,Manufacturing Director,3.0,4663.0,12421.0,9.0,Yes,12.0,3.0,2.0,7.0,3.0,3.0,2.0,1.0
34,No,426.0,Research & Development,10.0,3.0,42.0,4.0,2.0,Manufacturing Director,4.0,4724.0,17000.0,1.0,No,13.0,3.0,1.0,9.0,3.0,9.0,7.0,7.0
49,No,722.0,Research & Development,25.0,3.0,84.0,3.0,1.0,Laboratory Technician,1.0,3211.0,22102.0,1.0,No,14.0,3.0,4.0,10.0,2.0,9.0,6.0,1.0
39,No,1387.0,Research & Development,10.0,2.0,76.0,3.0,2.0,Manufacturing Director,1.0,5377.0,3835.0,2.0,No,13.0,3.0,4.0,10.0,3.0,7.0,7.0,7.0
27,No,1302.0,Research & Development,19.0,4.0,67.0,2.0,1.0,Laboratory Technician,1.0,4066.0,16290.0,1.0,No,11.0,3.0,1.0,7.0,3.0,7.0,7.0,0.0
35,No,819.0,Research & Development,18.0,2.0,48.0,4.0,2.0,Research Scientist,1.0,5208.0,26312.0,1.0,No,11.0,3.0,4.0,16.0,3.0,16.0,15.0,1.0
28,No,580.0,Research & Development,27.0,2.0,39.0,1.0,2.0,Manufacturing Director,1.0,4877.0,20460.0,0.0,No,21.0,4.0,2.0,6.0,2.0,5.0,3.0,0.0
21,No,546.0,Research & Development,5.0,3.0,97.0,3.0,1.0,Research Scientist,4.0,3117.0,26009.0,1.0,No,18.0,3.0,3.0,3.0,3.0,2.0,2.0,2.0
18,Yes,544.0,Sales,3.0,2.0,70.0,3.0,1.0,Sales Representative,4.0,1569.0,18420.0,1.0,Yes,12.0,3.0,3.0,0.0,4.0,0.0,0.0,0.0
47,No,1176.0,Human Resources,26.0,4.0,98.0,3.0,5.0,Manager,3.0,19658.0,5220.0,3.0,No,11.0,3.0,3.0,27.0,3.0,5.0,2.0,1.0
39,No,170.0,Research & Development,3.0,3.0,76.0,2.0,2.0,Laboratory Technician,3.0,3069.0,10302.0,0.0,No,15.0,3.0,4.0,11.0,3.0,10.0,8.0,0.0
40,No,884.0,Research & Development,15.0,1.0,80.0,2.0,3.0,Manufacturing Director,3.0,10435.0,25800.0,1.0,No,13.0,3.0,4.0,18.0,3.0,18.0,15.0,14.0
35,No,208.0,Research & Development,8.0,3.0,52.0,3.0,2.0,Healthcare Representative,3.0,4148.0,12250.0,1.0,No,12.0,3.0,4.0,15.0,3.0,14.0,11.0,2.0
37,No,671.0,Research & Development,19.0,3.0,85.0,3.0,2.0,Manufacturing Director,3.0,5768.0,26493.0,3.0,No,17.0,3.0,1.0,9.0,2.0,4.0,3.0,0.0
39,No,711.0,Research & Development,4.0,1.0,81.0,3.0,2.0,Manufacturing Director,3.0,5042.0,3140.0,0.0,No,13.0,3.0,4.0,10.0,1.0,9.0,2.0,3.0
45,No,1329.0,Research & Development,2.0,4.0,59.0,2.0,2.0,Manufacturing Director,4.0,5770.0,5388.0,1.0,No,19.0,3.0,1.0,10.0,3.0,10.0,7.0,3.0
38,No,397.0,Research & Development,2.0,4.0,54.0,2.0,3.0,Manufacturing Director,3.0,7756.0,14199.0,3.0,Yes,19.0,3.0,4.0,10.0,4.0,5.0,4.0,0.0
35,Yes,737.0,Sales,10.0,4.0,55.0,2.0,3.0,Sales Executive,1.0,10306.0,21530.0,9.0,No,17.0,3.0,3.0,15.0,3.0,13.0,12.0,6.0
37,No,1470.0,Research & Development,10.0,2.0,71.0,3.0,1.0,Research Scientist,2.0,3936.0,9953.0,1.0,No,11.0,3.0,1.0,8.0,1.0,8.0,4.0,7.0
40,No,448.0,Research & Development,16.0,3.0,84.0,3.0,3.0,Manufacturing Director,4.0,7945.0,19948.0,6.0,Yes,15.0,3.0,4.0,18.0,2.0,4.0,2.0,3.0
44,No,602.0,Human Resources,1.0,1.0,37.0,3.0,2.0,Human Resources,4.0,5743.0,10503.0,4.0,Yes,11.0,3.0,3.0,14.0,3.0,10.0,7.0,0.0
48,No,365.0,Research & Development,4.0,3.0,89.0,2.0,4.0,Manager,4.0,15202.0,5602.0,2.0,No,25.0,4.0,2.0,23.0,3.0,2.0,2.0,2.0
35,Yes,763.0,Sales,15.0,1.0,59.0,1.0,2.0,Sales Executive,4.0,5440.0,22098.0,6.0,Yes,14.0,3.0,4.0,7.0,2.0,2.0,2.0,2.0
24,No,567.0,Research & Development,2.0,1.0,32.0,3.0,1.0,Research Scientist,4.0,3760.0,17218.0,1.0,Yes,13.0,3.0,3.0,6.0,3.0,6.0,3.0,1.0
27,No,486.0,Research & Development,8.0,2.0,86.0,4.0,1.0,Research Scientist,3.0,3517.0,22490.0,7.0,No,17.0,3.0,1.0,5.0,3.0,3.0,2.0,0.0
27,No,591.0,Research & Development,2.0,4.0,87.0,3.0,1.0,Research Scientist,4.0,2580.0,6297.0,2.0,No,13.0,3.0,3.0,6.0,2.0,4.0,2.0,1.0
40,Yes,1329.0,Research & Development,7.0,1.0,73.0,3.0,1.0,Laboratory Technician,1.0,2166.0,3339.0,3.0,Yes,14.0,3.0,2.0,10.0,1.0,4.0,2.0,0.0
29,No,469.0,Sales,10.0,3.0,42.0,2.0,2.0,Sales Executive,3.0,5869.0,23413.0,9.0,No,11.0,3.0,3.0,8.0,3.0,5.0,2.0,1.0
36,No,711.0,Research & Development,5.0,2.0,42.0,3.0,3.0,Healthcare Representative,1.0,8008.0,22792.0,4.0,No,12.0,3.0,3.0,9.0,3.0,3.0,2.0,0.0
25,No,772.0,Research & Development,2.0,4.0,77.0,4.0,2.0,Manufacturing Director,3.0,5206.0,4973.0,1.0,No,17.0,3.0,3.0,7.0,3.0,7.0,7.0,0.0
39,No,492.0,Research & Development,12.0,4.0,66.0,3.0,2.0,Manufacturing Director,2.0,5295.0,7693.0,4.0,No,21.0,4.0,3.0,7.0,3.0,5.0,4.0,1.0
49,No,301.0,Research & Development,22.0,1.0,72.0,3.0,4.0,Research Director,2.0,16413.0,3498.0,3.0,No,16.0,3.0,2.0,27.0,3.0,4.0,2.0,1.0
50,No,813.0,Research & Development,17.0,4.0,50.0,2.0,3.0,Research Director,1.0,13269.0,21981.0,5.0,No,15.0,3.0,3.0,19.0,3.0,14.0,11.0,1.0
20,No,1141.0,Sales,2.0,3.0,31.0,3.0,1.0,Sales Representative,3.0,2783.0,13251.0,1.0,No,19.0,3.0,1.0,2.0,3.0,2.0,2.0,2.0
34,No,1130.0,Research & Development,3.0,4.0,66.0,3.0,2.0,Research Scientist,2.0,5433.0,19332.0,1.0,No,12.0,3.0,3.0,11.0,3.0,11.0,8.0,7.0
36,No,311.0,Research & Development,7.0,1.0,77.0,3.0,1.0,Laboratory Technician,2.0,2013.0,10950.0,2.0,No,11.0,3.0,3.0,15.0,3.0,4.0,3.0,1.0
49,No,465.0,Research & Development,6.0,3.0,41.0,2.0,4.0,Healthcare Representative,3.0,13966.0,11652.0,2.0,Yes,19.0,3.0,2.0,30.0,3.0,15.0,11.0,2.0
36,No,894.0,Research & Development,1.0,4.0,33.0,2.0,2.0,Manufacturing Director,3.0,4374.0,15411.0,0.0,No,15.0,3.0,3.0,4.0,3.0,3.0,2.0,1.0
36,No,1040.0,Research & Development,3.0,4.0,79.0,4.0,2.0,Healthcare Representative,1.0,6842.0,26308.0,6.0,No,20.0,4.0,1.0,13.0,3.0,5.0,4.0,0.0
54,No,584.0,Research & Development,22.0,2.0,91.0,3.0,4.0,Manager,3.0,17426.0,18685.0,3.0,No,25.0,4.0,3.0,36.0,3.0,10.0,8.0,4.0
43,No,1291.0,Research & Development,15.0,3.0,65.0,2.0,4.0,Research Director,3.0,17603.0,3525.0,1.0,No,24.0,4.0,1.0,14.0,3.0,14.0,10.0,6.0
35,Yes,880.0,Sales,12.0,4.0,36.0,3.0,2.0,Sales Executive,4.0,4581.0,10414.0,3.0,Yes,24.0,4.0,1.0,13.0,4.0,11.0,9.0,6.0
38,No,1189.0,Research & Development,1.0,4.0,90.0,3.0,2.0,Research Scientist,4.0,4735.0,9867.0,7.0,No,15.0,3.0,4.0,19.0,4.0,13.0,11.0,2.0
29,No,991.0,Sales,5.0,1.0,43.0,2.0,2.0,Sales Executive,2.0,4187.0,3356.0,1.0,Yes,13.0,3.0,2.0,10.0,2.0,10.0,0.0,0.0
33,No,392.0,Sales,2.0,4.0,93.0,3.0,2.0,Sales Executive,4.0,5505.0,3921.0,1.0,No,14.0,3.0,3.0,6.0,3.0,6.0,2.0,0.0
32,No,977.0,Research & Development,2.0,4.0,45.0,3.0,2.0,Research Scientist,2.0,5470.0,25518.0,0.0,No,13.0,3.0,3.0,10.0,2.0,9.0,5.0,1.0
31,No,1112.0,Sales,5.0,1.0,67.0,3.0,2.0,Sales Executive,4.0,5476.0,22589.0,1.0,No,11.0,3.0,1.0,10.0,3.0,10.0,0.0,0.0
49,No,464.0,Research & Development,16.0,4.0,74.0,3.0,1.0,Laboratory Technician,1.0,2587.0,24941.0,4.0,Yes,16.0,3.0,2.0,17.0,2.0,2.0,2.0,2.0
38,No,148.0,Research & Development,2.0,4.0,42.0,2.0,1.0,Laboratory Technician,2.0,2440.0,23826.0,1.0,No,22.0,4.0,2.0,4.0,3.0,4.0,3.0,3.0
47,No,1225.0,Sales,2.0,2.0,47.0,4.0,4.0,Manager,2.0,15972.0,21086.0,6.0,No,14.0,3.0,3.0,29.0,3.0,3.0,2.0,1.0
49,No,809.0,Research & Development,1.0,3.0,36.0,3.0,4.0,Manager,3.0,15379.0,22384.0,4.0,No,14.0,3.0,1.0,23.0,3.0,8.0,7.0,0.0
41,No,1206.0,Sales,23.0,4.0,80.0,3.0,3.0,Sales Executive,3.0,7082.0,11591.0,3.0,Yes,16.0,3.0,4.0,21.0,3.0,2.0,0.0,0.0
20,No,727.0,Sales,9.0,4.0,54.0,3.0,1.0,Sales Representative,1.0,2728.0,21082.0,1.0,No,11.0,3.0,1.0,2.0,3.0,2.0,2.0,0.0
33,No,530.0,Sales,16.0,3.0,36.0,3.0,2.0,Sales Executive,4.0,5368.0,16130.0,1.0,Yes,25.0,4.0,3.0,7.0,3.0,6.0,5.0,1.0
36,No,1351.0,Research & Development,26.0,1.0,80.0,3.0,2.0,Healthcare Representative,3.0,5347.0,7419.0,6.0,No,14.0,3.0,2.0,10.0,2.0,3.0,2.0,0.0
44,No,528.0,Human Resources,1.0,3.0,44.0,3.0,1.0,Human Resources,4.0,3195.0,4167.0,4.0,Yes,18.0,3.0,1.0,8.0,3.0,2.0,2.0,2.0
23,Yes,1320.0,Research & Development,8.0,4.0,93.0,2.0,1.0,Laboratory Technician,3.0,3989.0,20586.0,1.0,Yes,11.0,3.0,1.0,5.0,3.0,5.0,4.0,1.0
38,No,1495.0,Research & Development,4.0,4.0,87.0,3.0,1.0,Laboratory Technician,3.0,3306.0,26176.0,7.0,No,19.0,3.0,4.0,7.0,2.0,0.0,0.0,0.0
53,No,1395.0,Research & Development,24.0,2.0,48.0,4.0,3.0,Healthcare Representative,4.0,7005.0,3458.0,3.0,No,15.0,3.0,3.0,11.0,3.0,4.0,3.0,1.0
48,Yes,708.0,Sales,7.0,4.0,95.0,3.0,1.0,Sales Representative,3.0,2655.0,11740.0,2.0,Yes,11.0,3.0,3.0,19.0,3.0,9.0,7.0,7.0
32,Yes,1259.0,Research & Development,2.0,4.0,95.0,3.0,1.0,Laboratory Technician,2.0,1393.0,24852.0,1.0,No,12.0,3.0,1.0,1.0,3.0,1.0,0.0,0.0
26,No,786.0,Research & Development,7.0,4.0,76.0,3.0,1.0,Laboratory Technician,4.0,2570.0,11925.0,1.0,No,20.0,4.0,3.0,7.0,3.0,7.0,7.0,5.0
55,No,1441.0,Research & Development,22.0,1.0,94.0,2.0,1.0,Research Scientist,2.0,3537.0,23737.0,5.0,No,12.0,3.0,4.0,8.0,3.0,4.0,2.0,1.0
34,No,1157.0,Research & Development,5.0,2.0,57.0,2.0,2.0,Laboratory Technician,4.0,3986.0,11912.0,1.0,No,14.0,3.0,3.0,15.0,4.0,15.0,10.0,4.0
60,No,370.0,Research & Development,1.0,3.0,92.0,1.0,3.0,Healthcare Representative,4.0,10883.0,20467.0,3.0,No,20.0,4.0,3.0,19.0,4.0,1.0,0.0,0.0
33,No,267.0,Research & Development,21.0,2.0,79.0,4.0,1.0,Laboratory Technician,2.0,2028.0,13637.0,1.0,No,18.0,3.0,4.0,14.0,3.0,14.0,11.0,2.0
37,No,1278.0,Sales,1.0,3.0,31.0,1.0,2.0,Sales Executive,4.0,9525.0,7677.0,1.0,No,14.0,3.0,3.0,6.0,2.0,6.0,3.0,1.0
34,No,678.0,Research & Development,19.0,2.0,35.0,2.0,1.0,Research Scientist,4.0,2929.0,20338.0,1.0,No,12.0,3.0,2.0,10.0,3.0,10.0,9.0,8.0
23,Yes,427.0,Sales,7.0,3.0,99.0,3.0,1.0,Sales Representative,4.0,2275.0,25103.0,1.0,Yes,21.0,4.0,2.0,3.0,3.0,3.0,2.0,0.0
44,No,921.0,Research & Development,2.0,3.0,96.0,4.0,3.0,Healthcare Representative,4.0,7879.0,14810.0,1.0,Yes,19.0,3.0,2.0,9.0,3.0,8.0,7.0,6.0
35,No,146.0,Research & Development,2.0,1.0,79.0,2.0,1.0,Research Scientist,4.0,4930.0,13970.0,0.0,Yes,14.0,3.0,3.0,6.0,4.0,5.0,4.0,1.0
43,No,1179.0,Sales,2.0,4.0,73.0,3.0,2.0,Sales Executive,4.0,7847.0,6069.0,1.0,Yes,17.0,3.0,1.0,10.0,3.0,10.0,9.0,8.0
24,No,581.0,Research & Development,9.0,3.0,62.0,4.0,1.0,Research Scientist,3.0,4401.0,17616.0,1.0,No,16.0,3.0,4.0,5.0,3.0,5.0,3.0,0.0
41,No,918.0,Sales,6.0,4.0,35.0,3.0,3.0,Sales Executive,3.0,9241.0,15869.0,1.0,No,12.0,3.0,2.0,10.0,3.0,10.0,8.0,8.0
29,No,1082.0,Research & Development,9.0,4.0,43.0,3.0,1.0,Laboratory Technician,3.0,2974.0,25412.0,9.0,No,17.0,3.0,3.0,9.0,3.0,5.0,3.0,1.0
36,No,530.0,Sales,2.0,3.0,51.0,3.0,2.0,Sales Representative,4.0,4502.0,7439.0,3.0,No,15.0,3.0,3.0,17.0,2.0,13.0,7.0,6.0
45,No,1238.0,Research & Development,1.0,3.0,74.0,2.0,3.0,Healthcare Representative,3.0,10748.0,3395.0,3.0,No,23.0,4.0,4.0,25.0,2.0,23.0,15.0,14.0
24,Yes,240.0,Human Resources,22.0,4.0,58.0,1.0,1.0,Human Resources,3.0,1555.0,11585.0,1.0,No,11.0,3.0,3.0,1.0,3.0,1.0,0.0,0.0
47,Yes,1093.0,Sales,9.0,3.0,82.0,1.0,4.0,Sales Executive,3.0,12936.0,24164.0,7.0,No,11.0,3.0,3.0,25.0,1.0,23.0,5.0,14.0
26,No,390.0,Research & Development,17.0,4.0,62.0,1.0,1.0,Laboratory Technician,3.0,2305.0,6217.0,1.0,No,15.0,3.0,3.0,3.0,4.0,3.0,2.0,0.0
45,No,1005.0,Research & Development,28.0,4.0,48.0,2.0,4.0,Research Director,2.0,16704.0,17119.0,1.0,No,11.0,3.0,3.0,21.0,3.0,21.0,6.0,8.0
32,No,585.0,Research & Development,10.0,1.0,56.0,3.0,1.0,Research Scientist,3.0,3433.0,17360.0,6.0,No,13.0,3.0,1.0,10.0,2.0,5.0,2.0,1.0
31,No,741.0,Research & Development,2.0,2.0,69.0,3.0,1.0,Laboratory Technician,3.0,3477.0,18103.0,1.0,No,14.0,3.0,4.0,6.0,4.0,5.0,2.0,0.0
41,No,552.0,Human Resources,4.0,3.0,60.0,1.0,2.0,Human Resources,2.0,6430.0,20794.0,6.0,No,19.0,3.0,2.0,10.0,3.0,3.0,2.0,1.0
40,No,369.0,Research & Development,8.0,2.0,92.0,3.0,2.0,Manufacturing Director,1.0,6516.0,5041.0,2.0,Yes,16.0,3.0,2.0,18.0,3.0,1.0,0.0,0.0
24,No,506.0,Research & Development,29.0,2.0,91.0,3.0,1.0,Laboratory Technician,1.0,3907.0,3622.0,1.0,No,13.0,3.0,2.0,6.0,4.0,6.0,2.0,1.0
46,No,717.0,Research & Development,13.0,3.0,34.0,3.0,2.0,Healthcare Representative,2.0,5562.0,9697.0,6.0,No,14.0,3.0,4.0,19.0,3.0,10.0,7.0,0.0
35,No,1370.0,Research & Development,27.0,4.0,49.0,3.0,2.0,Manufacturing Director,3.0,6883.0,5151.0,2.0,No,16.0,3.0,2.0,17.0,3.0,7.0,7.0,0.0
30,No,793.0,Research & Development,16.0,2.0,33.0,3.0,1.0,Research Scientist,4.0,2862.0,3811.0,1.0,No,12.0,3.0,2.0,10.0,2.0,10.0,0.0,0.0
47,No,543.0,Sales,2.0,3.0,87.0,3.0,2.0,Sales Executive,2.0,4978.0,3536.0,7.0,No,11.0,3.0,4.0,4.0,1.0,1.0,0.0,0.0
46,No,1277.0,Sales,2.0,3.0,74.0,3.0,3.0,Sales Executive,4.0,10368.0,5596.0,4.0,Yes,12.0,3.0,2.0,13.0,2.0,10.0,6.0,0.0
36,Yes,1456.0,Sales,13.0,2.0,96.0,2.0,2.0,Sales Executive,1.0,6134.0,8658.0,5.0,Yes,13.0,3.0,2.0,16.0,3.0,2.0,2.0,2.0
32,Yes,964.0,Sales,1.0,1.0,34.0,1.0,2.0,Sales Executive,2.0,6735.0,12147.0,6.0,No,15.0,3.0,2.0,10.0,3.0,0.0,0.0,0.0
23,No,160.0,Research & Development,4.0,3.0,51.0,3.0,1.0,Laboratory Technician,2.0,3295.0,12862.0,1.0,No,13.0,3.0,3.0,3.0,1.0,3.0,2.0,1.0
31,No,163.0,Research & Development,24.0,4.0,30.0,3.0,2.0,Manufacturing Director,4.0,5238.0,6670.0,2.0,No,20.0,4.0,4.0,9.0,2.0,5.0,4.0,1.0
39,No,792.0,Research & Development,1.0,4.0,77.0,3.0,2.0,Laboratory Technician,4.0,6472.0,8989.0,1.0,Yes,15.0,3.0,4.0,9.0,3.0,9.0,8.0,5.0
32,No,371.0,Sales,19.0,4.0,80.0,1.0,3.0,Sales Executive,3.0,9610.0,3840.0,3.0,No,13.0,3.0,3.0,10.0,1.0,4.0,3.0,0.0
40,No,611.0,Sales,7.0,2.0,88.0,3.0,5.0,Manager,2.0,19833.0,4349.0,1.0,No,14.0,3.0,2.0,21.0,2.0,21.0,8.0,12.0
45,No,176.0,Human Resources,4.0,3.0,56.0,1.0,3.0,Human Resources,3.0,9756.0,6595.0,4.0,No,21.0,4.0,3.0,9.0,4.0,5.0,0.0,0.0
30,No,1312.0,Research & Development,2.0,4.0,78.0,2.0,1.0,Research Scientist,1.0,4968.0,26427.0,0.0,No,16.0,3.0,4.0,10.0,3.0,9.0,7.0,0.0
24,No,897.0,Human Resources,10.0,1.0,59.0,3.0,1.0,Human Resources,4.0,2145.0,2097.0,0.0,No,14.0,3.0,4.0,3.0,3.0,2.0,2.0,2.0
30,Yes,600.0,Human Resources,8.0,3.0,66.0,2.0,1.0,Human Resources,4.0,2180.0,9732.0,6.0,No,11.0,3.0,3.0,6.0,2.0,4.0,2.0,1.0
31,No,1003.0,Sales,5.0,1.0,51.0,3.0,2.0,Sales Executive,3.0,8346.0,20943.0,1.0,No,19.0,3.0,3.0,6.0,3.0,5.0,2.0,0.0
27,No,1054.0,Research & Development,8.0,3.0,67.0,3.0,1.0,Research Scientist,4.0,3445.0,6152.0,1.0,No,11.0,3.0,3.0,6.0,2.0,6.0,2.0,1.0
29,Yes,428.0,Sales,9.0,2.0,52.0,1.0,1.0,Sales Representative,2.0,2760.0,14630.0,1.0,No,13.0,3.0,3.0,2.0,3.0,2.0,2.0,2.0
29,No,461.0,Research & Development,1.0,4.0,70.0,4.0,2.0,Healthcare Representative,3.0,6294.0,23060.0,8.0,Yes,12.0,3.0,4.0,10.0,4.0,3.0,2.0,0.0
30,No,979.0,Sales,15.0,3.0,94.0,2.0,3.0,Sales Executive,1.0,7140.0,3088.0,2.0,No,11.0,3.0,1.0,12.0,3.0,7.0,7.0,1.0
34,No,181.0,Research & Development,2.0,4.0,97.0,4.0,1.0,Research Scientist,4.0,2932.0,5586.0,0.0,Yes,14.0,3.0,1.0,6.0,3.0,5.0,0.0,1.0
33,No,1283.0,Sales,2.0,4.0,62.0,3.0,2.0,Sales Executive,2.0,5147.0,10697.0,8.0,No,15.0,3.0,4.0,13.0,2.0,11.0,7.0,1.0
49,No,1313.0,Sales,11.0,4.0,80.0,3.0,2.0,Sales Executive,4.0,4507.0,8191.0,3.0,No,12.0,3.0,3.0,8.0,4.0,5.0,1.0,0.0
33,Yes,211.0,Sales,16.0,1.0,74.0,3.0,3.0,Sales Executive,1.0,8564.0,10092.0,2.0,Yes,20.0,4.0,3.0,11.0,2.0,0.0,0.0,0.0
38,No,594.0,Research & Development,2.0,3.0,75.0,2.0,1.0,Laboratory Technician,2.0,2468.0,15963.0,4.0,No,14.0,3.0,2.0,9.0,2.0,6.0,1.0,0.0
31,Yes,1079.0,Sales,16.0,1.0,70.0,3.0,3.0,Sales Executive,3.0,8161.0,19002.0,2.0,No,13.0,3.0,1.0,10.0,3.0,1.0,0.0,0.0
29,No,590.0,Research & Development,4.0,4.0,91.0,2.0,1.0,Research Scientist,1.0,2109.0,10007.0,1.0,No,13.0,3.0,3.0,1.0,3.0,1.0,0.0,0.0
30,No,305.0,Research & Development,16.0,3.0,58.0,4.0,2.0,Healthcare Representative,3.0,5294.0,9128.0,3.0,No,16.0,3.0,3.0,10.0,3.0,7.0,0.0,1.0
32,No,953.0,Research & Development,5.0,2.0,65.0,3.0,1.0,Research Scientist,2.0,2718.0,17674.0,2.0,No,14.0,3.0,2.0,12.0,3.0,7.0,7.0,0.0
38,No,833.0,Research & Development,18.0,2.0,60.0,1.0,2.0,Healthcare Representative,4.0,5811.0,24539.0,3.0,Yes,16.0,3.0,3.0,15.0,3.0,1.0,0.0,1.0
43,Yes,807.0,Research & Development,17.0,3.0,38.0,2.0,1.0,Research Scientist,3.0,2437.0,15587.0,9.0,Yes,16.0,3.0,4.0,6.0,3.0,1.0,0.0,0.0
42,No,855.0,Research & Development,12.0,2.0,57.0,3.0,1.0,Laboratory Technician,2.0,2766.0,8952.0,8.0,No,22.0,4.0,2.0,7.0,2.0,5.0,3.0,0.0
55,No,478.0,Research & Development,2.0,3.0,60.0,2.0,5.0,Research Director,1.0,19038.0,19805.0,8.0,No,12.0,3.0,2.0,34.0,3.0,1.0,0.0,0.0
33,No,775.0,Research & Development,4.0,4.0,90.0,3.0,2.0,Research Scientist,2.0,3055.0,6194.0,5.0,No,15.0,3.0,4.0,11.0,2.0,9.0,8.0,1.0
41,No,548.0,Research & Development,9.0,3.0,94.0,3.0,1.0,Laboratory Technician,1.0,2289.0,20520.0,1.0,No,20.0,4.0,2.0,5.0,3.0,5.0,3.0,0.0
34,No,1375.0,Sales,10.0,4.0,87.0,3.0,2.0,Sales Executive,3.0,4001.0,12313.0,1.0,Yes,14.0,3.0,3.0,15.0,3.0,15.0,14.0,0.0
53,No,661.0,Research & Development,1.0,1.0,60.0,2.0,4.0,Manufacturing Director,3.0,12965.0,22308.0,4.0,Yes,20.0,4.0,4.0,27.0,2.0,3.0,2.0,0.0
43,No,244.0,Human Resources,2.0,2.0,97.0,3.0,1.0,Human Resources,4.0,3539.0,5033.0,0.0,No,13.0,3.0,2.0,10.0,3.0,9.0,7.0,1.0
34,No,511.0,Sales,3.0,4.0,32.0,1.0,2.0,Sales Executive,4.0,6029.0,25353.0,5.0,No,12.0,3.0,1.0,6.0,3.0,2.0,2.0,2.0
21,Yes,337.0,Sales,7.0,2.0,31.0,3.0,1.0,Sales Representative,2.0,2679.0,4567.0,1.0,No,13.0,3.0,2.0,1.0,3.0,1.0,0.0,1.0
38,No,1153.0,Research & Development,6.0,4.0,40.0,2.0,1.0,Laboratory Technician,3.0,3702.0,16376.0,1.0,No,11.0,3.0,2.0,5.0,3.0,5.0,4.0,0.0
22,Yes,1294.0,Research & Development,8.0,3.0,79.0,3.0,1.0,Laboratory Technician,1.0,2398.0,15999.0,1.0,Yes,17.0,3.0,3.0,1.0,3.0,1.0,0.0,0.0
31,No,196.0,Sales,29.0,1.0,91.0,2.0,2.0,Sales Executive,4.0,5468.0,13402.0,1.0,No,14.0,3.0,1.0,13.0,3.0,12.0,7.0,5.0
51,No,942.0,Research & Development,3.0,1.0,53.0,3.0,3.0,Manager,3.0,13116.0,22984.0,2.0,No,11.0,3.0,4.0,15.0,3.0,2.0,2.0,2.0
37,No,589.0,Sales,9.0,2.0,46.0,2.0,2.0,Sales Executive,2.0,4189.0,8800.0,1.0,No,14.0,3.0,1.0,5.0,3.0,5.0,2.0,0.0
46,No,734.0,Research & Development,2.0,3.0,46.0,3.0,5.0,Research Director,4.0,19328.0,14218.0,7.0,Yes,17.0,3.0,3.0,24.0,3.0,2.0,1.0,2.0
36,No,1383.0,Research & Development,10.0,4.0,90.0,3.0,3.0,Healthcare Representative,1.0,8321.0,25949.0,7.0,Yes,13.0,3.0,4.0,15.0,3.0,12.0,8.0,5.0
44,Yes,429.0,Research & Development,1.0,3.0,99.0,3.0,1.0,Research Scientist,2.0,2342.0,11092.0,1.0,Yes,12.0,3.0,3.0,6.0,2.0,5.0,3.0,2.0
37,No,1239.0,Human Resources,8.0,3.0,89.0,3.0,2.0,Human Resources,2.0,4071.0,12832.0,2.0,No,13.0,3.0,3.0,19.0,2.0,10.0,0.0,4.0
35,Yes,303.0,Sales,27.0,3.0,84.0,3.0,2.0,Sales Executive,4.0,5813.0,13492.0,1.0,Yes,18.0,3.0,4.0,10.0,3.0,10.0,7.0,7.0
33,No,867.0,Research & Development,8.0,4.0,90.0,4.0,1.0,Research Scientist,1.0,3143.0,6076.0,6.0,No,19.0,3.0,2.0,14.0,3.0,10.0,8.0,7.0
28,No,1181.0,Research & Development,1.0,3.0,82.0,3.0,1.0,Research Scientist,4.0,2044.0,5531.0,1.0,No,11.0,3.0,3.0,5.0,4.0,5.0,3.0,0.0
39,No,1253.0,Research & Development,10.0,3.0,65.0,3.0,3.0,Research Director,3.0,13464.0,7914.0,7.0,No,21.0,4.0,3.0,9.0,3.0,4.0,3.0,2.0
46,No,849.0,Sales,26.0,2.0,98.0,2.0,2.0,Sales Executive,2.0,7991.0,25166.0,8.0,No,15.0,3.0,3.0,6.0,3.0,2.0,2.0,2.0
40,No,616.0,Research & Development,2.0,3.0,99.0,3.0,1.0,Laboratory Technician,1.0,3377.0,25605.0,4.0,No,17.0,3.0,4.0,7.0,2.0,4.0,3.0,0.0
42,No,1128.0,Research & Development,13.0,2.0,95.0,4.0,2.0,Healthcare Representative,1.0,5538.0,5696.0,5.0,No,18.0,3.0,3.0,10.0,2.0,0.0,0.0,0.0
35,No,1180.0,Research & Development,2.0,2.0,90.0,3.0,2.0,Manufacturing Director,4.0,5762.0,24442.0,2.0,No,14.0,3.0,3.0,15.0,3.0,7.0,7.0,1.0
38,No,1336.0,Human Resources,2.0,1.0,100.0,3.0,1.0,Human Resources,2.0,2592.0,7129.0,5.0,No,13.0,3.0,4.0,13.0,3.0,11.0,10.0,3.0
34,Yes,234.0,Research & Development,9.0,4.0,93.0,3.0,2.0,Laboratory Technician,1.0,5346.0,6208.0,4.0,No,17.0,3.0,3.0,11.0,2.0,7.0,1.0,0.0
37,Yes,370.0,Research & Development,10.0,4.0,58.0,3.0,2.0,Manufacturing Director,1.0,4213.0,4992.0,1.0,No,15.0,3.0,2.0,10.0,1.0,10.0,3.0,0.0
39,No,766.0,Sales,20.0,3.0,83.0,3.0,2.0,Sales Executive,4.0,4127.0,19188.0,2.0,No,18.0,3.0,4.0,7.0,3.0,2.0,1.0,2.0
43,No,343.0,Research & Development,9.0,1.0,52.0,3.0,1.0,Research Scientist,3.0,2438.0,24978.0,4.0,No,13.0,3.0,3.0,7.0,2.0,3.0,2.0,1.0
41,No,447.0,Research & Development,5.0,2.0,85.0,4.0,2.0,Healthcare Representative,2.0,6870.0,15530.0,3.0,No,12.0,3.0,1.0,11.0,1.0,3.0,2.0,1.0
41,No,796.0,Sales,4.0,3.0,81.0,3.0,3.0,Sales Executive,3.0,10447.0,26458.0,0.0,Yes,13.0,3.0,4.0,23.0,4.0,22.0,14.0,13.0
30,No,1092.0,Research & Development,10.0,1.0,64.0,3.0,3.0,Manufacturing Director,3.0,9667.0,2739.0,9.0,No,14.0,3.0,2.0,9.0,3.0,7.0,7.0,0.0
26,Yes,920.0,Human Resources,20.0,4.0,69.0,3.0,1.0,Human Resources,2.0,2148.0,6889.0,0.0,Yes,11.0,3.0,3.0,6.0,3.0,5.0,1.0,1.0
46,Yes,261.0,Research & Development,21.0,4.0,66.0,3.0,2.0,Healthcare Representative,2.0,8926.0,10842.0,4.0,No,22.0,4.0,4.0,13.0,4.0,9.0,7.0,3.0
40,No,1194.0,Research & Development,1.0,3.0,52.0,3.0,2.0,Healthcare Representative,4.0,6513.0,9060.0,4.0,No,17.0,3.0,4.0,12.0,3.0,5.0,3.0,0.0
34,No,810.0,Sales,8.0,2.0,92.0,4.0,2.0,Sales Executive,3.0,6799.0,22128.0,1.0,No,21.0,4.0,3.0,10.0,3.0,10.0,8.0,4.0
58,No,350.0,Sales,2.0,2.0,52.0,3.0,4.0,Manager,2.0,16291.0,22577.0,4.0,No,22.0,4.0,4.0,37.0,2.0,16.0,9.0,14.0
35,No,185.0,Research & Development,23.0,2.0,91.0,1.0,1.0,Laboratory Technician,3.0,2705.0,9696.0,0.0,No,16.0,3.0,2.0,6.0,4.0,5.0,4.0,0.0
47,No,1001.0,Research & Development,4.0,3.0,92.0,2.0,3.0,Manufacturing Director,2.0,10333.0,19271.0,8.0,Yes,12.0,3.0,3.0,28.0,3.0,22.0,11.0,14.0
40,No,750.0,Research & Development,12.0,2.0,47.0,3.0,2.0,Healthcare Representative,1.0,4448.0,10748.0,2.0,No,12.0,3.0,2.0,15.0,3.0,7.0,4.0,7.0
54,No,431.0,Research & Development,7.0,4.0,68.0,3.0,2.0,Research Scientist,4.0,6854.0,15696.0,4.0,No,15.0,3.0,2.0,14.0,2.0,7.0,1.0,1.0
31,No,1125.0,Sales,7.0,1.0,68.0,3.0,3.0,Sales Executive,1.0,9637.0,8277.0,2.0,No,14.0,3.0,4.0,9.0,3.0,3.0,2.0,2.0
28,No,1217.0,Research & Development,1.0,3.0,67.0,3.0,1.0,Research Scientist,1.0,3591.0,12719.0,1.0,No,25.0,4.0,3.0,3.0,3.0,3.0,2.0,1.0
38,No,723.0,Sales,2.0,2.0,77.0,1.0,2.0,Sales Representative,4.0,5405.0,4244.0,2.0,Yes,20.0,4.0,1.0,20.0,2.0,4.0,2.0,0.0
26,No,572.0,Sales,10.0,3.0,46.0,3.0,2.0,Sales Executive,4.0,4684.0,9125.0,1.0,No,13.0,3.0,1.0,5.0,3.0,5.0,3.0,1.0
58,No,1216.0,Research & Development,15.0,1.0,87.0,3.0,4.0,Research Director,3.0,15787.0,21624.0,2.0,Yes,14.0,3.0,2.0,23.0,3.0,2.0,2.0,2.0
18,No,1431.0,Research & Development,14.0,2.0,33.0,3.0,1.0,Research Scientist,3.0,1514.0,8018.0,1.0,No,16.0,3.0,3.0,0.0,1.0,0.0,0.0,0.0
31,Yes,359.0,Human Resources,18.0,4.0,89.0,4.0,1.0,Human Resources,1.0,2956.0,21495.0,0.0,No,17.0,3.0,3.0,2.0,3.0,1.0,0.0,0.0
29,Yes,350.0,Human Resources,13.0,1.0,56.0,2.0,1.0,Human Resources,1.0,2335.0,3157.0,4.0,Yes,15.0,3.0,4.0,4.0,3.0,2.0,2.0,2.0
45,No,589.0,Sales,2.0,3.0,67.0,3.0,2.0,Sales Executive,3.0,5154.0,19665.0,4.0,No,22.0,4.0,2.0,10.0,4.0,8.0,7.0,5.0
36,No,430.0,Research & Development,2.0,4.0,73.0,3.0,2.0,Research Scientist,2.0,6962.0,19573.0,4.0,Yes,22.0,4.0,4.0,15.0,3.0,1.0,0.0,0.0
43,No,1422.0,Sales,2.0,1.0,92.0,3.0,2.0,Sales Executive,4.0,5675.0,19246.0,1.0,No,20.0,4.0,3.0,7.0,3.0,7.0,7.0,7.0
27,No,1297.0,Research & Development,5.0,4.0,53.0,3.0,1.0,Laboratory Technician,4.0,2379.0,19826.0,0.0,Yes,14.0,3.0,3.0,6.0,2.0,5.0,4.0,0.0
29,No,574.0,Research & Development,20.0,4.0,40.0,3.0,1.0,Laboratory Technician,4.0,3812.0,7003.0,1.0,No,13.0,3.0,2.0,11.0,4.0,11.0,8.0,3.0
32,No,1318.0,Sales,10.0,4.0,79.0,3.0,2.0,Sales Executive,4.0,4648.0,26075.0,8.0,No,13.0,3.0,3.0,4.0,4.0,0.0,0.0,0.0
42,No,355.0,Research & Development,10.0,3.0,38.0,3.0,1.0,Research Scientist,3.0,2936.0,6161.0,3.0,No,22.0,4.0,2.0,10.0,2.0,6.0,3.0,3.0
47,No,207.0,Research & Development,9.0,2.0,64.0,3.0,1.0,Laboratory Technician,3.0,2105.0,5411.0,4.0,No,12.0,3.0,3.0,7.0,3.0,2.0,2.0,2.0
46,No,706.0,Research & Development,2.0,4.0,82.0,3.0,3.0,Manufacturing Director,4.0,8578.0,19989.0,3.0,No,14.0,3.0,3.0,12.0,2.0,9.0,8.0,4.0
28,No,280.0,Human Resources,1.0,3.0,43.0,3.0,1.0,Human Resources,4.0,2706.0,10494.0,1.0,No,15.0,3.0,2.0,3.0,3.0,3.0,2.0,2.0
29,No,726.0,Research & Development,29.0,4.0,93.0,1.0,2.0,Healthcare Representative,3.0,6384.0,21143.0,8.0,No,17.0,3.0,4.0,11.0,3.0,7.0,0.0,1.0
42,No,1142.0,Research & Development,8.0,4.0,81.0,3.0,1.0,Laboratory Technician,3.0,3968.0,13624.0,4.0,No,13.0,3.0,4.0,8.0,3.0,0.0,0.0,0.0
32,Yes,414.0,Sales,2.0,3.0,82.0,2.0,2.0,Sales Executive,2.0,9907.0,26186.0,7.0,Yes,12.0,3.0,3.0,7.0,2.0,2.0,2.0,2.0
46,No,1319.0,Sales,3.0,1.0,45.0,4.0,4.0,Sales Executive,1.0,13225.0,7739.0,2.0,No,12.0,3.0,4.0,25.0,3.0,19.0,17.0,2.0
27,No,728.0,Sales,23.0,2.0,36.0,2.0,2.0,Sales Representative,3.0,3540.0,7018.0,1.0,No,21.0,4.0,4.0,9.0,3.0,9.0,8.0,5.0
29,No,352.0,Human Resources,6.0,4.0,87.0,2.0,1.0,Human Resources,2.0,2804.0,15434.0,1.0,No,11.0,3.0,4.0,1.0,3.0,1.0,0.0,0.0
43,No,823.0,Research & Development,6.0,1.0,81.0,2.0,5.0,Manager,3.0,19392.0,22539.0,7.0,No,13.0,3.0,4.0,21.0,3.0,16.0,12.0,6.0
48,No,1224.0,Research & Development,10.0,4.0,91.0,2.0,5.0,Research Director,2.0,19665.0,13583.0,4.0,No,12.0,3.0,4.0,29.0,3.0,22.0,10.0,12.0
29,Yes,459.0,Research & Development,24.0,4.0,73.0,2.0,1.0,Research Scientist,4.0,2439.0,14753.0,1.0,Yes,24.0,4.0,2.0,1.0,2.0,1.0,0.0,1.0
46,Yes,1254.0,Sales,10.0,3.0,64.0,3.0,3.0,Sales Executive,2.0,7314.0,14011.0,5.0,No,21.0,4.0,3.0,14.0,3.0,8.0,7.0,0.0
27,No,1131.0,Research & Development,15.0,4.0,77.0,2.0,1.0,Research Scientist,1.0,4774.0,23844.0,0.0,No,19.0,3.0,4.0,8.0,2.0,7.0,6.0,7.0
39,No,835.0,Research & Development,19.0,4.0,41.0,3.0,2.0,Research Scientist,4.0,3902.0,5141.0,8.0,No,14.0,3.0,2.0,7.0,3.0,2.0,2.0,2.0
55,No,836.0,Research & Development,2.0,2.0,98.0,2.0,1.0,Research Scientist,4.0,2662.0,7975.0,8.0,No,20.0,4.0,2.0,19.0,4.0,5.0,2.0,0.0
28,No,1172.0,Sales,3.0,2.0,78.0,3.0,1.0,Sales Representative,2.0,2856.0,3692.0,1.0,No,19.0,3.0,4.0,1.0,3.0,1.0,0.0,0.0
30,Yes,945.0,Sales,9.0,2.0,89.0,3.0,1.0,Sales Representative,4.0,1081.0,16019.0,1.0,No,13.0,3.0,3.0,1.0,2.0,1.0,0.0,0.0
22,Yes,391.0,Research & Development,7.0,4.0,75.0,3.0,1.0,Research Scientist,2.0,2472.0,26092.0,1.0,Yes,23.0,4.0,1.0,1.0,3.0,1.0,0.0,0.0
36,No,1266.0,Sales,10.0,2.0,63.0,2.0,2.0,Sales Executive,3.0,5673.0,6060.0,1.0,Yes,13.0,3.0,1.0,10.0,3.0,10.0,9.0,1.0
31,No,311.0,Research & Development,20.0,2.0,89.0,3.0,2.0,Laboratory Technician,3.0,4197.0,18624.0,1.0,No,11.0,3.0,1.0,10.0,3.0,10.0,8.0,0.0
34,No,1480.0,Sales,4.0,3.0,64.0,3.0,3.0,Sales Executive,4.0,9713.0,24444.0,2.0,Yes,13.0,3.0,4.0,9.0,3.0,5.0,3.0,1.0
29,No,592.0,Research & Development,7.0,4.0,59.0,3.0,1.0,Laboratory Technician,1.0,2062.0,19384.0,3.0,No,14.0,3.0,2.0,11.0,3.0,3.0,2.0,1.0
37,No,783.0,Research & Development,7.0,4.0,78.0,3.0,2.0,Research Scientist,1.0,4284.0,13588.0,5.0,Yes,22.0,4.0,3.0,16.0,3.0,5.0,3.0,0.0
35,No,219.0,Research & Development,16.0,4.0,44.0,2.0,2.0,Manufacturing Director,2.0,4788.0,25388.0,0.0,Yes,11.0,3.0,4.0,4.0,3.0,3.0,2.0,0.0
45,No,556.0,Research & Development,25.0,2.0,93.0,2.0,2.0,Manufacturing Director,4.0,5906.0,23888.0,0.0,No,13.0,3.0,4.0,10.0,2.0,9.0,8.0,3.0
36,No,1213.0,Human Resources,2.0,2.0,94.0,2.0,2.0,Human Resources,4.0,3886.0,4223.0,1.0,No,21.0,4.0,4.0,10.0,2.0,10.0,1.0,0.0
40,No,1137.0,Research & Development,1.0,1.0,98.0,3.0,4.0,Manager,1.0,16823.0,18991.0,2.0,No,11.0,3.0,1.0,22.0,3.0,19.0,7.0,11.0
26,No,482.0,Research & Development,1.0,2.0,90.0,2.0,1.0,Research Scientist,3.0,2933.0,14908.0,1.0,Yes,13.0,3.0,3.0,1.0,2.0,1.0,0.0,1.0
27,No,511.0,Sales,2.0,1.0,89.0,4.0,2.0,Sales Executive,3.0,6500.0,26997.0,0.0,No,14.0,3.0,2.0,9.0,2.0,8.0,7.0,0.0
48,No,117.0,Research & Development,22.0,4.0,58.0,3.0,4.0,Manager,4.0,17174.0,2437.0,3.0,No,11.0,3.0,2.0,24.0,3.0,22.0,17.0,4.0
44,No,170.0,Research & Development,1.0,2.0,78.0,4.0,2.0,Healthcare Representative,1.0,5033.0,9364.0,2.0,No,15.0,3.0,4.0,10.0,3.0,2.0,0.0,2.0
34,Yes,967.0,Research & Development,16.0,4.0,85.0,1.0,1.0,Research Scientist,1.0,2307.0,14460.0,1.0,Yes,23.0,4.0,2.0,5.0,3.0,5.0,2.0,3.0
56,Yes,1162.0,Research & Development,24.0,1.0,97.0,3.0,1.0,Laboratory Technician,4.0,2587.0,10261.0,1.0,No,16.0,3.0,4.0,5.0,3.0,4.0,2.0,1.0
36,No,335.0,Sales,17.0,3.0,33.0,2.0,2.0,Sales Executive,2.0,5507.0,16822.0,2.0,No,16.0,3.0,3.0,12.0,1.0,4.0,2.0,1.0
41,No,337.0,Sales,8.0,3.0,54.0,3.0,2.0,Sales Executive,2.0,4393.0,26841.0,5.0,No,21.0,4.0,3.0,14.0,3.0,5.0,4.0,1.0
42,No,1396.0,Research & Development,6.0,3.0,83.0,3.0,3.0,Research Director,1.0,13348.0,14842.0,9.0,No,13.0,3.0,2.0,18.0,4.0,13.0,7.0,5.0
31,No,1079.0,Sales,10.0,3.0,86.0,3.0,2.0,Sales Executive,4.0,6583.0,20115.0,2.0,Yes,11.0,3.0,4.0,8.0,3.0,5.0,2.0,1.0
34,No,735.0,Sales,3.0,4.0,75.0,2.0,2.0,Sales Executive,4.0,8103.0,16495.0,3.0,Yes,12.0,3.0,3.0,9.0,2.0,4.0,2.0,0.0
31,No,471.0,Research & Development,4.0,1.0,62.0,4.0,1.0,Laboratory Technician,3.0,3978.0,16031.0,8.0,No,12.0,3.0,2.0,4.0,2.0,2.0,2.0,2.0
26,No,1096.0,Research & Development,6.0,3.0,61.0,4.0,1.0,Laboratory Technician,4.0,2544.0,7102.0,0.0,No,18.0,3.0,1.0,8.0,3.0,7.0,7.0,7.0
45,No,1297.0,Research & Development,1.0,2.0,44.0,3.0,2.0,Healthcare Representative,3.0,5399.0,14511.0,4.0,No,12.0,3.0,3.0,12.0,3.0,4.0,2.0,0.0
33,No,217.0,Sales,10.0,2.0,43.0,3.0,2.0,Sales Executive,3.0,5487.0,10410.0,1.0,No,14.0,3.0,2.0,10.0,2.0,10.0,4.0,0.0
28,No,783.0,Sales,1.0,3.0,42.0,2.0,2.0,Sales Executive,4.0,6834.0,19255.0,1.0,Yes,12.0,3.0,3.0,7.0,3.0,7.0,7.0,0.0
29,Yes,746.0,Sales,24.0,3.0,45.0,4.0,1.0,Sales Representative,1.0,1091.0,10642.0,1.0,No,17.0,3.0,4.0,1.0,3.0,1.0,0.0,0.0
39,No,1251.0,Sales,21.0,1.0,32.0,1.0,2.0,Sales Executive,3.0,5736.0,3987.0,6.0,No,19.0,3.0,3.0,10.0,3.0,3.0,2.0,1.0
27,No,1354.0,Research & Development,2.0,2.0,41.0,3.0,1.0,Research Scientist,2.0,2226.0,6073.0,1.0,No,11.0,3.0,3.0,6.0,2.0,5.0,3.0,1.0
34,No,735.0,Research & Development,22.0,3.0,86.0,2.0,2.0,Research Scientist,4.0,5747.0,26496.0,1.0,Yes,15.0,3.0,2.0,16.0,3.0,15.0,10.0,6.0
28,Yes,1475.0,Sales,13.0,4.0,84.0,3.0,2.0,Sales Executive,3.0,9854.0,23352.0,3.0,Yes,11.0,3.0,4.0,6.0,3.0,2.0,0.0,2.0
47,No,1169.0,Research & Development,14.0,3.0,64.0,3.0,2.0,Research Scientist,2.0,5467.0,2125.0,8.0,No,18.0,3.0,3.0,16.0,4.0,8.0,7.0,1.0
56,No,1443.0,Sales,11.0,4.0,89.0,2.0,2.0,Sales Executive,1.0,5380.0,20328.0,4.0,No,16.0,3.0,3.0,6.0,3.0,0.0,0.0,0.0
39,No,867.0,Research & Development,9.0,1.0,87.0,3.0,2.0,Manufacturing Director,1.0,5151.0,12315.0,1.0,No,25.0,4.0,4.0,10.0,3.0,10.0,0.0,7.0
38,No,1394.0,Research & Development,8.0,4.0,58.0,2.0,2.0,Research Scientist,2.0,2133.0,18115.0,1.0,Yes,16.0,3.0,3.0,20.0,3.0,20.0,11.0,0.0
58,No,605.0,Sales,21.0,4.0,72.0,3.0,4.0,Manager,4.0,17875.0,11761.0,4.0,Yes,13.0,3.0,3.0,29.0,2.0,1.0,0.0,0.0
32,Yes,238.0,Research & Development,5.0,1.0,47.0,4.0,1.0,Research Scientist,3.0,2432.0,15318.0,3.0,Yes,14.0,3.0,1.0,8.0,3.0,4.0,1.0,0.0
38,No,1206.0,Research & Development,9.0,2.0,71.0,3.0,1.0,Research Scientist,4.0,4771.0,14293.0,2.0,No,19.0,3.0,4.0,10.0,4.0,5.0,2.0,0.0
49,No,1064.0,Research & Development,2.0,2.0,42.0,3.0,5.0,Research Director,4.0,19161.0,13738.0,3.0,No,15.0,3.0,4.0,28.0,3.0,5.0,4.0,4.0
42,No,419.0,Sales,12.0,2.0,77.0,3.0,2.0,Sales Executive,4.0,5087.0,2900.0,3.0,Yes,12.0,3.0,3.0,14.0,3.0,0.0,0.0,0.0
27,Yes,1337.0,Human Resources,22.0,1.0,58.0,2.0,1.0,Human Resources,2.0,2863.0,19555.0,1.0,No,12.0,3.0,1.0,1.0,3.0,1.0,0.0,0.0
35,No,682.0,Sales,18.0,2.0,71.0,3.0,2.0,Sales Executive,1.0,5561.0,15975.0,0.0,No,16.0,3.0,4.0,6.0,1.0,5.0,3.0,0.0
28,No,1103.0,Research & Development,16.0,3.0,49.0,3.0,1.0,Research Scientist,3.0,2144.0,2122.0,1.0,No,14.0,3.0,3.0,5.0,2.0,5.0,3.0,1.0
31,No,976.0,Research & Development,3.0,3.0,48.0,3.0,1.0,Research Scientist,1.0,3065.0,3995.0,1.0,Yes,13.0,3.0,4.0,4.0,4.0,4.0,2.0,2.0
36,No,1351.0,Research & Development,9.0,1.0,66.0,4.0,1.0,Laboratory Technician,2.0,2810.0,9238.0,1.0,No,22.0,4.0,2.0,5.0,3.0,5.0,4.0,0.0
34,No,937.0,Sales,1.0,1.0,32.0,3.0,3.0,Sales Executive,4.0,9888.0,6770.0,1.0,No,21.0,4.0,1.0,14.0,2.0,14.0,8.0,2.0
34,No,1239.0,Sales,13.0,4.0,39.0,3.0,3.0,Sales Executive,3.0,8628.0,22914.0,1.0,No,18.0,3.0,3.0,9.0,2.0,8.0,7.0,1.0
26,No,157.0,Research & Development,1.0,3.0,95.0,3.0,1.0,Laboratory Technician,1.0,2867.0,20006.0,0.0,No,13.0,3.0,4.0,8.0,2.0,7.0,7.0,7.0
29,No,136.0,Research & Development,1.0,1.0,89.0,3.0,2.0,Healthcare Representative,1.0,5373.0,6225.0,0.0,No,12.0,3.0,1.0,6.0,2.0,5.0,3.0,0.0
32,No,1146.0,Research & Development,15.0,3.0,34.0,3.0,2.0,Healthcare Representative,4.0,6667.0,16542.0,5.0,No,18.0,3.0,2.0,9.0,3.0,5.0,1.0,1.0
31,No,1125.0,Research & Development,1.0,4.0,48.0,1.0,2.0,Research Scientist,1.0,5003.0,5771.0,1.0,No,21.0,4.0,2.0,10.0,3.0,10.0,8.0,8.0
28,Yes,1404.0,Research & Development,17.0,3.0,32.0,2.0,1.0,Laboratory Technician,4.0,2367.0,18779.0,5.0,No,12.0,3.0,1.0,6.0,2.0,4.0,1.0,0.0
38,No,1404.0,Sales,1.0,1.0,59.0,2.0,1.0,Sales Representative,1.0,2858.0,11473.0,4.0,No,14.0,3.0,1.0,20.0,2.0,1.0,0.0,0.0
35,No,1224.0,Sales,7.0,3.0,55.0,3.0,2.0,Sales Executive,4.0,5204.0,13586.0,1.0,Yes,11.0,3.0,4.0,10.0,3.0,10.0,8.0,0.0
27,No,954.0,Sales,9.0,4.0,44.0,3.0,2.0,Sales Executive,4.0,4105.0,5099.0,1.0,No,14.0,3.0,1.0,7.0,3.0,7.0,7.0,0.0
32,No,1373.0,Research & Development,5.0,4.0,56.0,2.0,2.0,Manufacturing Director,4.0,9679.0,10138.0,8.0,No,24.0,4.0,2.0,8.0,3.0,1.0,0.0,0.0
31,Yes,754.0,Sales,26.0,1.0,63.0,3.0,2.0,Sales Executive,4.0,5617.0,21075.0,1.0,Yes,11.0,3.0,3.0,10.0,3.0,10.0,7.0,0.0
53,Yes,1168.0,Sales,24.0,1.0,66.0,3.0,3.0,Sales Executive,1.0,10448.0,5843.0,6.0,Yes,13.0,3.0,2.0,15.0,2.0,2.0,2.0,2.0
54,No,155.0,Research & Development,9.0,1.0,67.0,3.0,2.0,Research Scientist,3.0,2897.0,22474.0,3.0,No,11.0,3.0,3.0,9.0,2.0,4.0,3.0,2.0
33,No,1303.0,Research & Development,7.0,4.0,36.0,3.0,2.0,Healthcare Representative,3.0,5968.0,18079.0,1.0,No,20.0,4.0,3.0,9.0,3.0,9.0,7.0,2.0
43,No,574.0,Research & Development,11.0,1.0,30.0,3.0,3.0,Healthcare Representative,3.0,7510.0,16873.0,1.0,No,17.0,3.0,2.0,10.0,3.0,10.0,9.0,0.0
38,No,1444.0,Human Resources,1.0,4.0,88.0,3.0,1.0,Human Resources,2.0,2991.0,5224.0,0.0,Yes,11.0,3.0,2.0,7.0,3.0,6.0,2.0,1.0
55,No,189.0,Human Resources,26.0,3.0,71.0,4.0,5.0,Manager,2.0,19636.0,25811.0,4.0,Yes,18.0,3.0,1.0,35.0,3.0,10.0,9.0,1.0
31,No,1276.0,Research & Development,2.0,4.0,59.0,1.0,1.0,Laboratory Technician,4.0,1129.0,17536.0,1.0,Yes,11.0,3.0,3.0,1.0,3.0,1.0,0.0,0.0
39,No,119.0,Sales,15.0,2.0,77.0,3.0,4.0,Sales Executive,1.0,13341.0,25098.0,0.0,No,12.0,3.0,1.0,21.0,3.0,20.0,8.0,11.0
42,No,335.0,Research & Development,23.0,4.0,37.0,2.0,2.0,Research Scientist,3.0,4332.0,14811.0,1.0,No,12.0,3.0,4.0,20.0,3.0,20.0,9.0,3.0
31,No,697.0,Research & Development,10.0,3.0,40.0,3.0,3.0,Research Director,3.0,11031.0,26862.0,4.0,No,20.0,4.0,3.0,13.0,4.0,11.0,7.0,4.0
54,No,157.0,Research & Development,10.0,3.0,77.0,3.0,2.0,Manufacturing Director,1.0,4440.0,25198.0,6.0,Yes,19.0,3.0,4.0,9.0,3.0,5.0,2.0,1.0
24,No,771.0,Research & Development,1.0,2.0,45.0,2.0,2.0,Healthcare Representative,3.0,4617.0,14120.0,1.0,No,12.0,3.0,2.0,4.0,2.0,4.0,3.0,1.0
23,No,571.0,Research & Development,12.0,4.0,78.0,3.0,1.0,Laboratory Technician,4.0,2647.0,13672.0,1.0,No,13.0,3.0,3.0,5.0,4.0,5.0,2.0,1.0
40,No,692.0,Research & Development,11.0,4.0,73.0,3.0,2.0,Laboratory Technician,3.0,6323.0,26849.0,1.0,No,11.0,3.0,1.0,10.0,4.0,10.0,9.0,9.0
40,No,444.0,Sales,2.0,2.0,92.0,3.0,2.0,Sales Executive,2.0,5677.0,4258.0,3.0,No,14.0,3.0,3.0,15.0,3.0,11.0,8.0,5.0
25,No,309.0,Human Resources,2.0,3.0,82.0,3.0,1.0,Human Resources,2.0,2187.0,19655.0,4.0,No,14.0,3.0,3.0,6.0,3.0,2.0,0.0,1.0
30,No,911.0,Research & Development,1.0,4.0,76.0,3.0,1.0,Laboratory Technician,2.0,3748.0,4077.0,1.0,No,13.0,3.0,3.0,12.0,2.0,12.0,8.0,1.0
25,No,977.0,Research & Development,2.0,4.0,57.0,3.0,1.0,Laboratory Technician,3.0,3977.0,7298.0,6.0,Yes,19.0,3.0,3.0,7.0,2.0,2.0,2.0,0.0
47,No,1180.0,Research & Development,25.0,1.0,84.0,3.0,3.0,Healthcare Representative,3.0,8633.0,13084.0,2.0,No,23.0,4.0,2.0,25.0,3.0,17.0,14.0,12.0
33,No,1313.0,Research & Development,1.0,2.0,59.0,2.0,1.0,Laboratory Technician,3.0,2008.0,20439.0,1.0,No,12.0,3.0,3.0,1.0,2.0,1.0,1.0,0.0
38,No,1321.0,Sales,1.0,4.0,86.0,3.0,2.0,Sales Executive,2.0,4440.0,7636.0,0.0,No,15.0,3.0,1.0,16.0,3.0,15.0,13.0,5.0
31,No,1154.0,Sales,2.0,1.0,54.0,3.0,1.0,Sales Representative,3.0,3067.0,6393.0,0.0,No,19.0,3.0,3.0,3.0,3.0,2.0,2.0,1.0
38,No,508.0,Research & Development,6.0,1.0,72.0,2.0,2.0,Manufacturing Director,3.0,5321.0,14284.0,2.0,No,11.0,3.0,4.0,10.0,3.0,8.0,3.0,7.0
42,No,557.0,Research & Development,18.0,4.0,35.0,3.0,2.0,Research Scientist,1.0,5410.0,11189.0,6.0,Yes,17.0,3.0,3.0,9.0,2.0,4.0,3.0,1.0
41,No,642.0,Research & Development,1.0,4.0,76.0,3.0,1.0,Research Scientist,4.0,2782.0,21412.0,3.0,No,22.0,4.0,1.0,12.0,3.0,5.0,3.0,1.0
47,No,1162.0,Research & Development,1.0,3.0,98.0,3.0,3.0,Research Director,2.0,11957.0,17231.0,0.0,No,18.0,3.0,1.0,14.0,1.0,13.0,8.0,5.0
35,No,1490.0,Research & Development,11.0,4.0,43.0,3.0,1.0,Laboratory Technician,3.0,2660.0,20232.0,7.0,Yes,11.0,3.0,3.0,5.0,3.0,2.0,2.0,2.0
22,No,581.0,Research & Development,1.0,4.0,63.0,3.0,1.0,Research Scientist,3.0,3375.0,17624.0,0.0,No,12.0,3.0,4.0,4.0,4.0,3.0,2.0,1.0
35,No,1395.0,Research & Development,9.0,2.0,48.0,3.0,2.0,Research Scientist,3.0,5098.0,18698.0,1.0,No,19.0,3.0,2.0,10.0,3.0,10.0,7.0,0.0
33,No,501.0,Research & Development,15.0,2.0,95.0,3.0,2.0,Healthcare Representative,4.0,4878.0,21653.0,0.0,Yes,13.0,3.0,1.0,10.0,3.0,9.0,7.0,8.0
32,No,267.0,Research & Development,29.0,3.0,49.0,2.0,1.0,Laboratory Technician,2.0,2837.0,15919.0,1.0,No,13.0,3.0,3.0,6.0,3.0,6.0,2.0,4.0
40,No,543.0,Research & Development,1.0,1.0,83.0,3.0,1.0,Laboratory Technician,4.0,2406.0,4060.0,8.0,No,19.0,3.0,3.0,8.0,2.0,1.0,0.0,0.0
32,No,234.0,Sales,1.0,2.0,68.0,2.0,1.0,Sales Representative,2.0,2269.0,18024.0,0.0,No,14.0,3.0,2.0,3.0,3.0,2.0,2.0,2.0
39,No,116.0,Research & Development,24.0,1.0,52.0,3.0,2.0,Research Scientist,4.0,4108.0,5340.0,7.0,No,13.0,3.0,1.0,18.0,3.0,7.0,7.0,1.0
38,No,201.0,Research & Development,10.0,2.0,99.0,1.0,3.0,Research Director,3.0,13206.0,3376.0,3.0,No,12.0,3.0,1.0,20.0,3.0,18.0,16.0,1.0
32,No,801.0,Sales,1.0,3.0,48.0,3.0,3.0,Sales Executive,4.0,10422.0,24032.0,1.0,No,19.0,3.0,3.0,14.0,3.0,14.0,10.0,5.0
37,No,161.0,Research & Development,10.0,3.0,42.0,4.0,3.0,Research Director,4.0,13744.0,15471.0,1.0,Yes,25.0,4.0,1.0,16.0,3.0,16.0,11.0,6.0
25,No,1382.0,Sales,8.0,1.0,85.0,3.0,2.0,Sales Executive,3.0,4907.0,13684.0,0.0,Yes,22.0,4.0,2.0,6.0,2.0,5.0,3.0,0.0
52,No,585.0,Sales,29.0,1.0,40.0,3.0,1.0,Sales Representative,4.0,3482.0,19788.0,2.0,No,15.0,3.0,2.0,16.0,2.0,9.0,8.0,0.0
44,No,1037.0,Research & Development,1.0,2.0,42.0,3.0,1.0,Research Scientist,4.0,2436.0,13422.0,6.0,Yes,12.0,3.0,3.0,6.0,3.0,4.0,3.0,1.0
21,No,501.0,Sales,5.0,3.0,58.0,3.0,1.0,Sales Representative,1.0,2380.0,25479.0,1.0,Yes,11.0,3.0,4.0,2.0,3.0,2.0,2.0,1.0
39,No,105.0,Research & Development,9.0,4.0,87.0,3.0,5.0,Manager,4.0,19431.0,15302.0,2.0,No,13.0,3.0,3.0,21.0,2.0,6.0,0.0,1.0
23,Yes,638.0,Sales,9.0,4.0,33.0,3.0,1.0,Sales Representative,1.0,1790.0,26956.0,1.0,No,19.0,3.0,1.0,1.0,2.0,1.0,0.0,1.0
36,No,557.0,Sales,3.0,1.0,94.0,2.0,3.0,Sales Executive,4.0,7644.0,12695.0,0.0,No,19.0,3.0,3.0,10.0,3.0,9.0,7.0,3.0
36,No,688.0,Research & Development,4.0,4.0,97.0,3.0,2.0,Manufacturing Director,2.0,5131.0,9192.0,7.0,No,13.0,3.0,2.0,18.0,3.0,4.0,2.0,0.0
56,No,667.0,Research & Development,1.0,3.0,57.0,3.0,2.0,Healthcare Representative,3.0,6306.0,26236.0,1.0,No,21.0,4.0,1.0,13.0,2.0,13.0,12.0,1.0
29,Yes,1092.0,Research & Development,1.0,1.0,36.0,3.0,1.0,Research Scientist,4.0,4787.0,26124.0,9.0,Yes,14.0,3.0,2.0,4.0,4.0,2.0,2.0,2.0
42,No,300.0,Research & Development,2.0,1.0,56.0,3.0,5.0,Manager,3.0,18880.0,17312.0,5.0,No,11.0,3.0,1.0,24.0,2.0,22.0,6.0,4.0
56,Yes,310.0,Research & Development,7.0,4.0,72.0,3.0,1.0,Laboratory Technician,3.0,2339.0,3666.0,8.0,No,11.0,3.0,4.0,14.0,1.0,10.0,9.0,9.0
41,No,582.0,Research & Development,28.0,1.0,60.0,2.0,4.0,Manufacturing Director,2.0,13570.0,5640.0,0.0,No,23.0,4.0,3.0,21.0,3.0,20.0,7.0,0.0
34,No,704.0,Sales,28.0,4.0,95.0,2.0,2.0,Sales Executive,3.0,6712.0,8978.0,1.0,No,21.0,4.0,4.0,8.0,3.0,8.0,7.0,1.0
36,No,301.0,Sales,15.0,4.0,88.0,1.0,2.0,Sales Executive,4.0,5406.0,10436.0,1.0,No,24.0,4.0,1.0,15.0,2.0,15.0,12.0,11.0
41,No,930.0,Sales,3.0,3.0,57.0,2.0,2.0,Sales Executive,2.0,8938.0,12227.0,2.0,No,11.0,3.0,3.0,14.0,3.0,5.0,4.0,0.0
32,No,529.0,Research & Development,2.0,4.0,78.0,3.0,1.0,Research Scientist,1.0,2439.0,11288.0,1.0,No,14.0,3.0,4.0,4.0,3.0,4.0,2.0,1.0
35,No,1146.0,Human Resources,26.0,3.0,31.0,3.0,3.0,Human Resources,4.0,8837.0,16642.0,1.0,Yes,16.0,3.0,3.0,9.0,3.0,9.0,0.0,1.0
38,No,345.0,Sales,10.0,1.0,100.0,3.0,2.0,Sales Executive,4.0,5343.0,5982.0,1.0,No,11.0,3.0,3.0,10.0,3.0,10.0,7.0,1.0
50,Yes,878.0,Sales,1.0,2.0,94.0,3.0,2.0,Sales Executive,3.0,6728.0,14255.0,7.0,No,12.0,3.0,4.0,12.0,3.0,6.0,3.0,0.0
36,No,1120.0,Sales,11.0,2.0,100.0,2.0,2.0,Sales Executive,4.0,6652.0,14369.0,4.0,No,13.0,3.0,1.0,8.0,2.0,6.0,3.0,0.0
45,No,374.0,Sales,20.0,4.0,50.0,3.0,2.0,Sales Executive,3.0,4850.0,23333.0,8.0,No,15.0,3.0,3.0,8.0,3.0,5.0,3.0,0.0
40,No,1322.0,Research & Development,2.0,3.0,52.0,2.0,1.0,Research Scientist,3.0,2809.0,2725.0,2.0,No,14.0,3.0,4.0,8.0,3.0,2.0,2.0,2.0
35,No,1199.0,Research & Development,18.0,3.0,80.0,3.0,2.0,Healthcare Representative,3.0,5689.0,24594.0,1.0,Yes,14.0,3.0,4.0,10.0,4.0,10.0,2.0,0.0
40,No,1194.0,Research & Development,2.0,3.0,98.0,3.0,1.0,Research Scientist,3.0,2001.0,12549.0,2.0,No,14.0,3.0,2.0,20.0,3.0,5.0,3.0,0.0
35,No,287.0,Research & Development,1.0,3.0,62.0,1.0,1.0,Research Scientist,4.0,2977.0,8952.0,1.0,No,12.0,3.0,4.0,4.0,3.0,4.0,3.0,1.0
29,No,1378.0,Research & Development,13.0,4.0,46.0,2.0,2.0,Laboratory Technician,2.0,4025.0,23679.0,4.0,Yes,13.0,3.0,1.0,10.0,3.0,4.0,3.0,0.0
29,No,468.0,Research & Development,28.0,4.0,73.0,2.0,1.0,Research Scientist,1.0,3785.0,8489.0,1.0,No,14.0,3.0,2.0,5.0,1.0,5.0,4.0,0.0
50,Yes,410.0,Sales,28.0,4.0,39.0,2.0,3.0,Sales Executive,1.0,10854.0,16586.0,4.0,Yes,13.0,3.0,2.0,20.0,3.0,3.0,2.0,2.0
39,No,722.0,Sales,24.0,2.0,60.0,2.0,4.0,Sales Executive,4.0,12031.0,8828.0,0.0,No,11.0,3.0,1.0,21.0,2.0,20.0,9.0,9.0
31,No,325.0,Research & Development,5.0,2.0,74.0,3.0,2.0,Manufacturing Director,1.0,9936.0,3787.0,0.0,No,19.0,3.0,2.0,10.0,3.0,9.0,4.0,1.0
26,No,1167.0,Sales,5.0,4.0,30.0,2.0,1.0,Sales Representative,3.0,2966.0,21378.0,0.0,No,18.0,3.0,4.0,5.0,3.0,4.0,2.0,0.0
36,No,884.0,Research & Development,23.0,3.0,41.0,4.0,2.0,Laboratory Technician,4.0,2571.0,12290.0,4.0,No,17.0,3.0,3.0,17.0,3.0,5.0,2.0,0.0
39,No,613.0,Research & Development,6.0,4.0,42.0,2.0,3.0,Healthcare Representative,1.0,9991.0,21457.0,4.0,No,15.0,3.0,1.0,9.0,3.0,7.0,7.0,1.0
27,No,155.0,Research & Development,4.0,2.0,87.0,4.0,2.0,Manufacturing Director,2.0,6142.0,5174.0,1.0,Yes,20.0,4.0,2.0,6.0,3.0,6.0,2.0,0.0
49,No,1023.0,Sales,2.0,4.0,63.0,2.0,2.0,Sales Executive,2.0,5390.0,13243.0,2.0,No,14.0,3.0,4.0,17.0,2.0,9.0,6.0,0.0
34,No,628.0,Research & Development,8.0,2.0,82.0,4.0,2.0,Laboratory Technician,3.0,4404.0,10228.0,2.0,No,12.0,3.0,1.0,6.0,4.0,4.0,3.0,1.0
